Timestamp,Event,Event Description,Event Severity,network_table:///FMSInfo/EventName,network_table:///FMSInfo/FMSControlData,network_table:///FMSInfo/GameSpecificMessage,network_table:///FMSInfo/IsRedAlliance,network_table:///FMSInfo/MatchNumber,network_table:///FMSInfo/MatchType,network_table:///FMSInfo/ReplayNumber,network_table:///FMSInfo/StationNumber,network_table:///LiveWindow/Ungrouped/Scheduler/Ids,network_table:///LiveWindow/Ungrouped/Scheduler/Names,network_table:///SmartDashboard/Error,network_table:///SmartDashboard/Output Velocity,network_table:///SmartDashboard/Quad,network_table:///SmartDashboard/SD Percent Output,network_table:///SmartDashboard/SD Sensor Velocity,network_table:///SmartDashboard/Selected,network_table:///SmartDashboard/Shooter RPM,network_table:///SmartDashboard/Target,network_table:///SmartDashboard/Target Exists,network_table:///SmartDashboard/Voltage
0,,,,,33.0,,true,0.0,0.0,0.0,1.0,"[970059.0, 2.4969224E7]","[RotateTurret, Shoot]",0.0,-0.0,14.0,0.0,0.0,-14.0,-0.0,-14.0,false,0.0
5870,,,,,32.0,,,,,,,[],[],,,,,,,,,,
32600,,,,,,,,,,,,,,,-7.516505860639642E-4,,,2.0,,-0.29296875,,,
32700,,,,,,,,,,,,,,,-0.0,,,0.0,,-0.0,,,
45015,,,,,,,,,,,,,,,-7.516505860639642E-4,,,,,-0.29296875,,,
45114,,,,,,,,,,,,,,,,,,2.0,,,,,
45214,,,,,,,,,,,,,,,-0.0,,,0.0,,-0.0,,,
61332,,,,,,,,,,,,,,,3.758252930319821E-4,,,-1.0,,0.146484375,,,
61533,,,,,,,,,,,,,,,-0.0,,,0.0,,-0.0,,,
79453,,,,,,,,,,,,,,,-3.758252930319821E-4,,,1.0,,-0.146484375,,,
79554,,,,,,,,,,,,,,,-0.0,,,0.0,,-0.0,,,
112589,,,,,,,,,,,,,,,3.758252930319821E-4,,,-1.0,,0.146484375,,,
112690,,,,,,,,,,,,,,,-0.0,,,0.0,,-0.0,,,
152534,,,,,,,,,,,,,,,-0.010523108204895498,,,28.0,,-4.1015625,,,
152734,,,,,,,,,,,,,,,7.516505860639642E-4,,,-2.0,,0.29296875,,,
152833,,,,,,,,,,,,,,,-0.0,,,0.0,,-0.0,,,
153033,,,,,,,,,,,,,,,3.758252930319821E-4,,,-1.0,,0.146484375,,,
153234,,,,,,,,,,,,,,,-0.0,,,0.0,,-0.0,,,
153534,,,,,,,,,,,,,,,0.003382427637287839,,,-9.0,,1.318359375,,,
153735,,,,,,,,,,,,,,,-0.007516505860639643,,,20.0,,-2.9296875,,,
153835,,,,,,,,,,,,,,,-7.516505860639642E-4,,,2.0,,-0.29296875,,,
154035,,,,,,,,,,,,,,,0.0015033011721279283,,,-4.0,,0.5859375,,,
154336,,,,,,,,,,,,,,,0.010523108204895498,,,-28.0,,4.1015625,,,
154436,,,,,,,,,,,,,,,0.005261554102447749,,,-14.0,,2.05078125,,,
154635,,,,,,,,,,,,,,,0.009771457618831534,,,-26.0,,3.80859375,,,
154836,,,,,,,,,,,,,,,0.03232097520075046,,,-86.0,,12.59765625,,,
154936,,,,,,,,,,,,,,,0.025556119926174785,,,-68.0,,9.9609375,,,
155136,,,,,,,,,,,,,,,0.026307770512238746,,,-70.0,,10.25390625,,,
155237,,,,,,,,,,,,,,,0.03006602344255857,,,-80.0,,11.71875,,,
155436,,,,,,,,,,,,,,,0.0018791264651599106,,,-5.0,,0.732421875,,,
155637,,,,,,,,,,,,,,,-0.006013204688511713,,,16.0,,-2.34375,,,
155737,,,,,,,,,,,,,,,-0.00901980703276757,,,24.0,,-3.515625,,,
155938,,,,,,,,,,,,,,,3.758252930319821E-4,,,-1.0,,0.146484375,,,
156038,,,,,,,,,,,,,,,0.004885728809415767,,,-13.0,,1.904296875,,,
156238,,,,,,,,,,,,,,,-0.016536312893407214,,,44.0,,-6.4453125,,,
156438,,,,,,,,,,,,,,,-0.12063991906326625,,,321.0,,-47.021484375,,,
156538,,,,,,,,,,,,,,,-0.057125444540861284,,,152.0,,-22.265625,,,
156738,,,,,,,,,,,,,,,-0.0,,,0.0,,-0.0,,,
158340,,,,,33.0,,,,,,,"[970059.0, 2.4969224E7]","[RotateTurret, Shoot]",,,,,,,,,,
161943,,,,,,,,,,,,,,,,,0.1,,,,,,
162044,,,,,,,,,,,,,,,0.0398374810613901,,,-106.0,,15.52734375,,,
162144,,,,,,,,,,,,,,,0.013529710549151357,,,-36.0,,5.2734375,,,
162244,,,,,,,,,,,,,,,,,0.2,,,,,,
162345,,,,,,,,,,,,,,,0.08080243800187616,,,-215.0,,31.494140625,,,
162445,,,,,,,,,,,,,,,0.06915185391788471,,,-184.0,,26.953125,,,
162644,,,,,,,,,,,,,,,0.0022549517581918923,,,-6.0,,0.87890625,,,
162845,,,,,,,,,,,,,,,0.0026307770512238745,,,-7.0,,1.025390625,,,
162945,,,,,,,,,,,,,,,0.0011274758790959462,,,-3.0,,0.439453125,,,
163145,,,,,,,,,,,,,,,0.0026307770512238745,,,-7.0,,1.025390625,,,
163246,,,,,,,,,,,,,,,0.0011274758790959462,,,-3.0,,0.439453125,,,
163646,,,,,,,,,,,,,,,7.516505860639642E-4,,,-2.0,,0.29296875,,,
163746,,,,,,,,,,,,,,,3.758252930319821E-4,,,-1.0,,0.146484375,,,
163946,,,,,,,,,,,,,,,7.516505860639642E-4,,,-2.0,,0.29296875,,,
164247,,,,,,,,,,,,,,,3.758252930319821E-4,,,-1.0,,0.146484375,,,
164547,,,,,,,,,,,,,,,-0.0,,0.1,0.0,,-0.0,,,
164747,,,,,,,,,,,,,,,-0.0018791264651599106,,,5.0,,-0.732421875,,,
164848,,,,,,,,,,,,,,,-0.0,,,0.0,,-0.0,,,
165149,,,,,,,,,,,,,,,-3.758252930319821E-4,,,1.0,,-0.146484375,,,
165348,,,,,,,,,,,,,,,-0.0,,,0.0,,-0.0,,,
166249,,,,,,,,,,,,,,,,,0.0,,,,,,
166349,,,,,,,,,,,,,,,-0.06050787217814912,,,161.0,,-23.583984375,,,
166450,,,,,,,,,,,,,,,-0.1277805996308739,,,340.0,,-49.8046875,,,
166650,,,,,,,,,,,,,,,-0.01766378877250316,,,47.0,,-6.884765625,,,
166750,,,,,,,,,,,,,,,-0.0,,,0.0,,-0.0,,,
168352,,,,,,,,,,,,,,,-0.01616048760037523,,,43.0,,-6.298828125,,,
168552,,,,,,,,,,,,,,,0.009771457618831534,,,-26.0,,3.80859375,,,
168753,,,,,,,,,,,,,,,3.758252930319821E-4,,,-1.0,,0.146484375,,,
168853,,,,,,,,,,,,,,,-0.0,,,0.0,,-0.0,,,
171155,,,,,,,,,,,,,,,,,0.1,,,,,,
171255,,,,,,,,,,,,,,,0.1661147795201361,,,-442.0,,64.74609375,,,
171356,,,,,,,,,,,,,,,,,0.2,,,,,,
171456,,,,,,,,,,,,,,,0.4145352982142763,,,-1103.0,,161.572265625,,,
171555,,,,,,,,,,,,,,,1.0342712064240147,,,-2752.0,,403.125,,,
171756,,,,,,,,,,,,,,,1.5822244836646446,,,-4210.0,,616.69921875,,,
171956,,,,,,,,,,,,,,,1.9388826867519955,,,-5159.0,,755.712890625,,,
172056,,,,,,,,,,,,,,,2.3041848715790825,,,-6131.0,,898.095703125,,,
172257,,,,,,,,,,,,,,,2.5037481021790646,,,-6662.0,,975.87890625,,,
172457,,,,,,,,,,,,,,,2.768704933766612,,,-7367.0,,1079.150390625,,,
172557,,,,,,,,,,,,,,,2.89535805751839,,,-7704.0,,1128.515625,,,
172757,,,,,,,,,,,,,,,3.005474868376761,,,-7997.0,,1171.435546875,,,
172857,,,,,,,,,,,,,,,3.0806399269831575,,,-8197.0,,1200.732421875,,,
173058,,,,,,,,,,,,,,,3.1569324614686494,,,-8400.0,,1230.46875,,,
173157,,,,,,,,,,,,,,,3.210675478372223,,,-8543.0,,1251.416015625,,,
173358,,,,,,,,,,,,,,,3.2347282971262703,,,-8607.0,,1260.791015625,,,
173558,,,,,,,,,,,,,,,3.2824581093413316,,,-8734.0,,1279.39453125,,,
173659,,,,,,,,,,,,,,,3.3271813192121376,,,-8853.0,,1296.826171875,,,
173859,,,,,,,,,,,,,,,3.369649577324752,,,-8966.0,,1313.37890625,,,
174159,,,,,,,,,,,,,,,3.408359582507045,,,-9069.0,,1328.466796875,,,
174359,,,,,,,,,,,,,,,3.4057288054558215,,,-9062.0,,1327.44140625,,,
174459,,,,,,,,,,,,,,,3.4233925942283254,,,-9109.0,,1334.326171875,,,
174659,,,,,,,,,,,,,,,3.4030980284045977,,,-9055.0,,1326.416015625,,,
174860,,,,,,,,,,,,,,,3.4091112330931095,,,-9071.0,,1328.759765625,,,
174960,,,,,,,,,,,,,,,3.3831792878739027,,,-9002.0,,1318.65234375,,,
175160,,,,,,,,,,,,,,,3.3985881248882146,,,-9043.0,,1324.658203125,,,
175261,,,,,,,,,,,,,,,3.377917733771455,,,-8988.0,,1316.6015625,,,
175461,,,,,,,,,,,,,,,3.408359582507045,,,-9069.0,,1328.466796875,,,
175561,,,,,,,,,,,,,,,3.4203859918840696,,,-9101.0,,1333.154296875,,,
175761,,,,,,,,,,,,,,,3.444062985345084,,,-9164.0,,1342.3828125,,,
175961,,,,,,,,,,,,,,,3.469243279978227,,,-9231.0,,1352.197265625,,,
176061,,,,,,,,,,,,,,,3.4316607506750287,,,-9131.0,,1337.548828125,,,
176262,,,,,,,,,,,,,,,3.4342915277262525,,,-9138.0,,1338.57421875,,,
176362,,,,,,,,,,,,,,,3.3891924925624144,,,-9018.0,,1320.99609375,,,
176562,,,,,,,,,,,,,,,3.4030980284045977,,,-9055.0,,1326.416015625,,,
176762,,,,,,,,,,,,,,,3.402346377818534,,,-9053.0,,1326.123046875,,,
176862,,,,,,,,,,,,,,,3.418882690711941,,,-9097.0,,1332.568359375,,,
177062,,,,,,,,,,,,,,,3.43767395536354,,,-9147.0,,1339.892578125,,,
177163,,,,,,,,,,,,,,,3.4500761900335957,,,-9180.0,,1344.7265625,,,
177363,,,,,,,,,,,,,,,3.464357551168811,,,-9218.0,,1350.29296875,,,
177563,,,,,,,,,,,,,,,3.419258516004973,,,-9098.0,,1332.71484375,,,
177664,,,,,,,,,,,,,,,3.4173793895398137,,,-9093.0,,1331.982421875,,,
177863,,,,,,,,,,,,,,,3.398963950181246,,,-9044.0,,1324.8046875,,,
177964,,,,,,,,,,,,,,,3.4132453113164614,,,-9082.0,,1330.37109375,,,
178164,,,,,,,,,,,,,,,3.425271720693485,,,-9114.0,,1335.05859375,,,
178364,,,,,,,,,,,,,,,3.4463179371032755,,,-9170.0,,1343.26171875,,,
178464,,,,,,,,,,,,,,,3.4684916293921626,,,-9229.0,,1351.904296875,,,
178665,,,,,,,,,,,,,,,3.4493245394475314,,,-9178.0,,1344.43359375,,,
178765,,,,,,,,,,,,,,,3.4350431783123163,,,-9140.0,,1338.8671875,,,
178965,,,,,,,,,,,,,,,3.4049771548697576,,,-9060.0,,1327.1484375,,,
179165,,,,,,,,,,,,,,,3.406856281334918,,,-9065.0,,1327.880859375,,,
179265,,,,,,,,,,,,,,,3.3978364743021503,,,-9041.0,,1324.365234375,,,
179466,,,,,,,,,,,,,,,3.436546479484444,,,-9144.0,,1339.453125,,,
179566,,,,,,,,,,,,,,,3.455337744136043,,,-9194.0,,1346.77734375,,,
179766,,,,,,,,,,,,,,,3.4583443464802994,,,-9202.0,,1347.94921875,,,
179967,,,,,,,,,,,,,,,3.451579491205724,,,-9184.0,,1345.3125,,,
180066,,,,,,,,,,,,,,,3.414748612488589,,,-9086.0,,1330.95703125,,,
180267,,,,,,,,,,,,,,,3.422640943642261,,,-9107.0,,1334.033203125,,,
180367,,,,,,,,,,,,,,,3.404225504283694,,,-9058.0,,1326.85546875,,,
180567,,,,,,,,,,,,,,,3.442559684172956,,,-9160.0,,1341.796875,,,
180667,,,,,,,,,,,,,,,3.4654850270479067,,,-9221.0,,1350.732421875,,,
180868,,,,,,,,,,,,,,,3.466236677633971,,,-9223.0,,1351.025390625,,,
181068,,,,,,,,,,,,,,,3.450452015326628,,,-9181.0,,1344.873046875,,,
181168,,,,,,,,,,,,,,,3.408359582507045,,,-9069.0,,1328.466796875,,,
181368,,,,,,,,,,,,,,,3.419258516004973,,,-9098.0,,1332.71484375,,,
181468,,,,,,,,,,,,,,,3.418882690711941,,,-9097.0,,1332.568359375,,,
181668,,,,,,,,,,,,,,,3.447445412982372,,,-9173.0,,1343.701171875,,,
181869,,,,,,,,,,,,,,,3.4790147375970584,,,-9257.0,,1356.005859375,,,
181969,,,,,,,,,,,,,,,3.451955316498756,,,-9185.0,,1345.458984375,,,
182169,,,,,,,,,,,,,,,3.4403047324147638,,,-9154.0,,1340.91796875,,,
182369,,,,,,,,,,,,,,,3.408359582507045,,,-9069.0,,1328.466796875,,,
182469,,,,,,,,,,,,,,,3.4320365759680604,,,-9132.0,,1337.6953125,,,
182670,,,,,,,,,,,,,,,3.4466937623963076,,,-9171.0,,1343.408203125,,,
182770,,,,,,,,,,,,,,,3.4636059005827473,,,-9216.0,,1350.0,,,
182971,,,,,,,,,,,,,,,3.4797663881831227,,,-9259.0,,1356.298828125,,,
183071,,,,,,,,,,,,,,,3.4233925942283254,,,-9109.0,,1334.326171875,,,
183270,,,,,,,,,,,,,,,3.4279024977447086,,,-9121.0,,1336.083984375,,,
183471,,,,,,,,,,,,,,,3.4091112330931095,,,-9071.0,,1328.759765625,,,
183571,,,,,,,,,,,,,,,3.44143220829386,,,-9157.0,,1341.357421875,,,
183771,,,,,,,,,,,,,,,3.4654850270479067,,,-9221.0,,1350.732421875,,,
183971,,,,,,,,,,,,,,,3.463230075289715,,,-9215.0,,1349.853515625,,,
184072,,,,,,,,,,,,,,,3.4545860935499797,,,-9192.0,,1346.484375,,,
184272,,,,,,,,,,,,,,,3.4053529801627898,,,-9061.0,,1327.294921875,,,
184372,,,,,,,,,,,,,,,3.421889293056197,,,-9105.0,,1333.740234375,,,
184573,,,,,,,,,,,,,,,3.4327882265541247,,,-9134.0,,1337.98828125,,,
184672,,,,,,,,,,,,,,,3.4575926958942356,,,-9200.0,,1347.65625,,,
184873,,,,,,,,,,,,,,,3.4835246411134424,,,-9269.0,,1357.763671875,,,
185072,,,,,,,,,,,,,,,3.4557135694290753,,,-9195.0,,1346.923828125,,,
185172,,,,,,,,,,,,,,,3.43767395536354,,,-9147.0,,1339.892578125,,,
185373,,,,,,,,,,,,,,,3.4046013295767263,,,-9059.0,,1327.001953125,,,
185473,,,,,,,,,,,,,,,,,,,,1335.64453125,,,
185574,,,,,,,,,,,,,,,3.426775021865613,,,-9118.0,,,,,
185674,,,,,,,,,,,,,,,3.451955316498756,,,-9185.0,,1345.458984375,,,
185873,,,,,,,,,,,,,,,3.467364153513067,,,-9226.0,,1351.46484375,,,
185974,,,,,,,,,,,,,,,3.4790147375970584,,,-9257.0,,1356.005859375,,,
186174,,,,,,,,,,,,,,,3.426399196572581,,,-9117.0,,1335.498046875,,,
186274,,,,,,,,,,,,,,,3.425271720693485,,,-9114.0,,1335.05859375,,,
186475,,,,,,,,,,,,,,,3.414748612488589,,,-9086.0,,1330.95703125,,,
186675,,,,,,,,,,,,,,,3.4500761900335957,,,-9180.0,,1344.7265625,,,
186775,,,,,,,,,,,,,,,3.461726774117587,,,-9211.0,,1349.267578125,,,
186976,,,,,,,,,,,,,,,3.462854249996683,,,-9214.0,,1349.70703125,,,
187075,,,,,,,,,,,,,,,3.466236677633971,,,-9223.0,,1351.025390625,,,
187275,,,,,,,,,,,,,,,3.4094870583861416,,,-9072.0,,1328.90625,,,
187476,,,,,,,,,,,,,,,3.422640943642261,,,-9107.0,,1334.033203125,,,
187576,,,,,,,,,,,,,,,3.4155002630746534,,,-9088.0,,1331.25,,,
187776,,,,,,,,,,,,,,,3.4489487141545,,,-9177.0,,1344.287109375,,,
187877,,,,,,,,,,,,,,,3.470370755857323,,,-9234.0,,1352.63671875,,,
188076,,,,,,,,,,,,,,,3.4636059005827473,,,-9216.0,,1350.0,,,
188277,,,,,,,,,,,,,,,3.4534586176708832,,,-9189.0,,1346.044921875,,,
188377,,,,,,,,,,,,,,,3.4027222031115656,,,-9054.0,,1326.26953125,,,
188577,,,,,,,,,,,,,,,3.414748612488589,,,-9086.0,,1330.95703125,,,
188677,,,,,,,,,,,,,,,3.4162519136607172,,,-9090.0,,1331.54296875,,,
188878,,,,,,,,,,,,,,,3.4534586176708832,,,-9189.0,,1346.044921875,,,
189078,,,,,,,,,,,,,,,3.466988328220035,,,-9225.0,,1351.318359375,,,
189178,,,,,,,,,,,,,,,3.4421838588799245,,,-9159.0,,1341.650390625,,,
189378,,,,,,,,,,,,,,,3.4320365759680604,,,-9132.0,,1337.6953125,,,
189478,,,,,,,,,,,,,,,3.4012189019394383,,,-9050.0,,1325.68359375,,,
189679,,,,,,,,,,,,,,,3.4128694860234297,,,-9081.0,,1330.224609375,,,
189879,,,,,,,,,,,,,,,3.419258516004973,,,-9098.0,,1332.71484375,,,
189979,,,,,,,,,,,,,,,3.4542102682569475,,,-9191.0,,1346.337890625,,,
190179,,,,,,,,,,,,,,,3.484652116992538,,,-9272.0,,1358.203125,,,
190279,,,,,,,,,,,,,,,3.444438810638116,,,-9165.0,,1342.529296875,,,
190480,,,,,,,,,,,,,,,3.4354190036053485,,,-9141.0,,1339.013671875,,,
190680,,,,,,,,,,,,,,,3.3967089984230543,,,-9038.0,,1323.92578125,,,
190780,,,,,,,,,,,,,,,3.420761817177101,,,-9102.0,,1333.30078125,,,
190980,,,,,,,,,,,,,,,3.4305332747959323,,,-9128.0,,1337.109375,,,
191080,,,,,,,,,,,,,,,3.459095997066363,,,-9204.0,,1348.2421875,,,
191280,,,,,,,,,,,,,,,3.4730015329085466,,,-9241.0,,1353.662109375,,,
191481,,,,,,,,,,,,,,,3.425647545986517,,,-9115.0,,1335.205078125,,,
191580,,,,,,,,,,,,,,,3.4320365759680604,,,-9132.0,,1337.6953125,,,
191781,,,,,,,,,,,,,,,3.397460649009118,,,-9040.0,,1324.21875,,,
191881,,,,,,,,,,,,,,,3.417755214832845,,,-9094.0,,1332.12890625,,,
192081,,,,,,,,,,,,,,,3.433539877140188,,,-9136.0,,1338.28125,,,
192282,,,,,,,,,,,,,,,3.463230075289715,,,-9215.0,,1349.853515625,,,
192381,,,,,,,,,,,,,,,3.48126968935525,,,-9263.0,,1356.884765625,,,
192582,,,,,,,,,,,,,,,3.441056383000828,,,-9156.0,,1341.2109375,,,
192682,,,,,,,,,,,,,,,3.423768419521357,,,-9110.0,,1334.47265625,,,
192882,,,,,,,,,,,,,,,3.388440841976351,,,-9016.0,,1320.703125,,,
193082,,,,,,,,,,,,,,,3.4173793895398137,,,-9093.0,,1331.982421875,,,
193183,,,,,,,,,,,,,,,3.4327882265541247,,,-9134.0,,1337.98828125,,,
193383,,,,,,,,,,,,,,,3.461726774117587,,,-9211.0,,1349.267578125,,,
193483,,,,,,,,,,,,,,,3.4760081352528025,,,-9249.0,,1354.833984375,,,
193683,,,,,,,,,,,,,,,3.434667353019284,,,-9139.0,,1338.720703125,,,
193884,,,,,,,,,,,,,,,3.425647545986517,,,-9115.0,,1335.205078125,,,
193983,,,,,,,,,,,,,,,3.3985881248882146,,,-9043.0,,1324.658203125,,,
194184,,,,,,,,,,,,,,,3.418882690711941,,,-9097.0,,1332.568359375,,,
194284,,,,,,,,,,,,,,,3.438049780656572,,,-9148.0,,1340.0390625,,,
194484,,,,,,,,,,,,,,,3.4613509488245553,,,-9210.0,,1349.12109375,,,
194684,,,,,,,,,,,,,,,3.4711224064433863,,,-9236.0,,1352.9296875,,,
194784,,,,,,,,,,,,,,,3.4248958954004527,,,-9113.0,,1334.912109375,,,
194985,,,,,,,,,,,,,,,3.422265118349229,,,-9106.0,,1333.88671875,,,
195085,,,,,,,,,,,,,,,3.407983757214014,,,-9068.0,,1328.3203125,,,
195285,,,,,,,,,,,,,,,3.425647545986517,,,-9115.0,,1335.205078125,,,
195486,,,,,,,,,,,,,,,3.444438810638116,,,-9165.0,,1342.529296875,,,
195586,,,,,,,,,,,,,,,3.462478424703651,,,-9213.0,,1349.560546875,,,
195786,,,,,,,,,,,,,,,3.4805180387691865,,,-9261.0,,1356.591796875,,,
195886,,,,,,,,,,,,,,,3.438049780656572,,,-9148.0,,1340.0390625,,,
196086,,,,,,,,,,,,,,,3.4282783230377407,,,-9122.0,,1336.23046875,,,
196287,,,,,,,,,,,,,,,3.407983757214014,,,-9068.0,,1328.3203125,,,
196386,,,,,,,,,,,,,,,3.436546479484444,,,-9144.0,,1339.453125,,,
196587,,,,,,,,,,,,,,,3.4523311417917872,,,-9186.0,,1345.60546875,,,
196687,,,,,,,,,,,,,,,3.4621025994106187,,,-9212.0,,1349.4140625,,,
196888,,,,,,,,,,,,,,,3.4730015329085466,,,-9241.0,,1353.662109375,,,
196988,,,,,,,,,,,,,,,3.414748612488589,,,-9086.0,,1330.95703125,,,
197188,,,,,,,,,,,,,,,3.4173793895398137,,,-9093.0,,1331.982421875,,,
197388,,,,,,,,,,,,,,,3.4076079319209818,,,-9067.0,,1328.173828125,,,
197489,,,,,,,,,,,,,,,3.4395530818287003,,,-9152.0,,1340.625,,,
197689,,,,,,,,,,,,,,,3.466236677633971,,,-9223.0,,1351.025390625,,,
197789,,,,,,,,,,,,,,,3.464357551168811,,,-9218.0,,1350.29296875,,,
197989,,,,,,,,,,,,,,,3.463230075289715,,,-9215.0,,1349.853515625,,,
198189,,,,,,,,,,,,,,,3.411366184851301,,,-9077.0,,1329.638671875,,,
198289,,,,,,,,,,,,,,,3.426775021865613,,,-9118.0,,1335.64453125,,,
198489,,,,,,,,,,,,,,,3.4121178354373654,,,-9079.0,,1329.931640625,,,
198590,,,,,,,,,,,,,,,3.4421838588799245,,,-9159.0,,1341.650390625,,,
198790,,,,,,,,,,,,,,,3.459847647652427,,,-9206.0,,1348.53515625,,,
198990,,,,,,,,,,,,,,,3.459095997066363,,,-9204.0,,1348.2421875,,,
199091,,,,,,,,,,,,,,,3.459471822359395,,,-9205.0,,1348.388671875,,,
199291,,,,,,,,,,,,,,,3.4057288054558215,,,-9062.0,,1327.44140625,,,
199391,,,,,,,,,,,,,,,3.414372787195557,,,-9085.0,,1330.810546875,,,
199591,,,,,,,,,,,,,,,3.4015947272324705,,,-9051.0,,1325.830078125,,,
199791,,,,,,,,,,,,,,,3.4275266724516764,,,-9120.0,,1335.9375,,,
199892,,,,,,,,,,,,,,,3.44706958768934,,,-9172.0,,1343.5546875,,,
200092,,,,,,,,,,,,,,,3.4542102682569475,,,-9191.0,,1346.337890625,,,
200192,,,,,,,,,,,,,,,3.4602234729454593,,,-9207.0,,1348.681640625,,,
200393,,,,,,,,,,,,,,,3.4124936607303975,,,-9080.0,,1330.078125,,,
200593,,,,,,,,,,,,,,,3.4136211366094935,,,-9083.0,,1330.517578125,,,
200693,,,,,,,,,,,,,,,3.3918232696136386,,,-9025.0,,1322.021484375,,,
200893,,,,,,,,,,,,,,,3.4121178354373654,,,-9079.0,,1329.931640625,,,
200993,,,,,,,,,,,,,,,3.417755214832845,,,-9094.0,,1332.12890625,,,
201193,,,,,,,,,,,,,,,3.439928907121732,,,-9153.0,,1340.771484375,,,
201394,,,,,,,,,,,,,,,3.4568410453081713,,,-9198.0,,1347.36328125,,,
201494,,,,,,,,,,,,,,,3.4466937623963076,,,-9171.0,,1343.408203125,,,
201694,,,,,,,,,,,,,,,3.4301574495029,,,-9127.0,,1336.962890625,,,
201794,,,,,,,,,,,,,,,2.9389537915101003,,,-7820.0,,1145.5078125,,,
201994,,,,,,,,,,,,,,,2.4206907124189967,,,-6441.0,,943.505859375,,,
202195,,,,,,,,,,,,,,,2.668359580527073,,,-7100.0,,1040.0390625,,,
202295,,,,,,,,,,,,,,,2.7980193066231065,,,-7445.0,,1090.576171875,,,
202495,,,,,,,,,,,,,,,2.917531749807277,,,-7763.0,,1137.158203125,,,
202596,,,,,,,,,,,,,,,2.982173700208778,,,-7935.0,,1162.353515625,,,
202796,,,,,,,,,,,,,,,2.23165059002391,,,-5938.0,,869.82421875,,,
202996,,,,,,,,,,,,,,,2.1519756279011295,,,-5726.0,,838.76953125,,,
203095,,,,,,,,,,,,,,,2.4011477971813338,,,-6389.0,,935.888671875,,,
203295,,,,,,,,,,,,,,,2.6736211346295207,,,-7114.0,,1042.08984375,,,
203396,,,,,,,,,,,,,,,2.7777247407993797,,,-7391.0,,1082.666015625,,,
203596,,,,,,,,,,,,,,,2.9073844668954134,,,-7736.0,,1133.203125,,,
203797,,,,,,,,,,,,,,,3.022762831856232,,,-8043.0,,1178.173828125,,,
203896,,,,,,,,,,,,,,,3.0990553663417244,,,-8246.0,,1207.91015625,,,
204097,,,,,,,,,,,,,,,3.174596250241153,,,-8447.0,,1237.353515625,,,
204197,,,,,,,,,,,,,,,3.2238293636283424,,,-8578.0,,1256.54296875,,,
204397,,,,,,,,,,,,,,,3.229842568316854,,,-8594.0,,1258.88671875,,,
204597,,,,,,,,,,,,,,,3.2937328681322913,,,-8764.0,,1283.7890625,,,
204697,,,,,,,,,,,,,,,3.3249263674539455,,,-8847.0,,1295.947265625,,,
204897,,,,,,,,,,,,,,,3.356871517361664,,,-8932.0,,1308.3984375,,,
204997,,,,,,,,,,,,,,,3.3782935590644874,,,-8989.0,,1316.748046875,,,
205198,,,,,,,,,,,,,,,3.381675986701775,,,-8998.0,,1318.06640625,,,
205398,,,,,,,,,,,,,,,3.396333173130022,,,-9037.0,,1323.779296875,,,
205498,,,,,,,,,,,,,,,3.4132453113164614,,,-9082.0,,1330.37109375,,,
205699,,,,,,,,,,,,,,,3.4139969619025257,,,-9084.0,,1330.6640625,,,
205798,,,,,,,,,,,,,,,3.4248958954004527,,,-9113.0,,1334.912109375,,,
205999,,,,,,,,,,,,,,,3.4166277389537494,,,-9091.0,,1331.689453125,,,
206199,,,,,,,,,,,,,,,3.4294057989168367,,,-9125.0,,1336.669921875,,,
206299,,,,,,,,,,,,,,,3.395581522543958,,,-9035.0,,1323.486328125,,,
206500,,,,,,,,,,,,,,,3.397460649009118,,,-9040.0,,1324.21875,,,
206600,,,,,,,,,,,,,,,3.3643880232223036,,,-8952.0,,1311.328125,,,
206800,,,,,,,,,,,,,,,3.396333173130022,,,-9037.0,,1323.779296875,,,
207000,,,,,,,,,,,,,,,3.3797968602366146,,,-8993.0,,1317.333984375,,,
207100,,,,,,,,,,,,,,,3.398963950181246,,,-9044.0,,1324.8046875,,,
207301,,,,,,,,,,,,,,,3.395581522543958,,,-9035.0,,1323.486328125,,,
207401,,,,,,,,,,,,,,,3.411742010144333,,,-9078.0,,1329.78515625,,,
207601,,,,,,,,,,,,,,,3.425271720693485,,,-9114.0,,1335.05859375,,,
207800,,,,,,,,,,,,,,,3.433164051847157,,,-9135.0,,1338.134765625,,,
207901,,,,,,,,,,,,,,,3.44519046122418,,,-9167.0,,1342.822265625,,,
208101,,,,,,,,,,,,,,,3.4215134677631647,,,-9104.0,,1333.59375,,,
208201,,,,,,,,,,,,,,,3.425271720693485,,,-9114.0,,1335.05859375,,,
208402,,,,,,,,,,,,,,,3.380924336115711,,,-8996.0,,1317.7734375,,,
208602,,,,,,,,,,,,,,,3.3948298719578944,,,-9033.0,,1323.193359375,,,
208702,,,,,,,,,,,,,,,3.370777053203847,,,-8969.0,,1313.818359375,,,
208902,,,,,,,,,,,,,,,3.383555113166935,,,-9003.0,,1318.798828125,,,
209002,,,,,,,,,,,,,,,3.3752869567202315,,,-8981.0,,1315.576171875,,,
209203,,,,,,,,,,,,,,,3.400467251353374,,,-9048.0,,1325.390625,,,
209403,,,,,,,,,,,,,,,3.414748612488589,,,-9086.0,,1330.95703125,,,
209503,,,,,,,,,,,,,,,3.429781624209869,,,-9126.0,,1336.81640625,,,
209703,,,,,,,,,,,,,,,3.4339157024332203,,,-9137.0,,1338.427734375,,,
209804,,,,,,,,,,,,,,,3.4309091000889644,,,-9129.0,,1337.255859375,,,
210004,,,,,,,,,,,,,,,3.4418080335868924,,,-9158.0,,1341.50390625,,,
210204,,,,,,,,,,,,,,,3.4151244377816212,,,-9087.0,,1331.103515625,,,
210304,,,,,,,,,,,,,,,3.3967089984230543,,,-9038.0,,1323.92578125,,,
210504,,,,,,,,,,,,,,,3.3704012279108153,,,-8968.0,,1313.671875,,,
210605,,,,,,,,,,,,,,,3.3918232696136386,,,-9025.0,,1322.021484375,,,
210805,,,,,,,,,,,,,,,3.3704012279108153,,,-8968.0,,1313.671875,,,
211005,,,,,,,,,,,,,,,3.3865617155111907,,,-9011.0,,1319.970703125,,,
211105,,,,,,,,,,,,,,,3.3824276372878392,,,-9000.0,,1318.359375,,,
211306,,,,,,,,,,,,,,,3.402346377818534,,,-9053.0,,1326.123046875,,,
211405,,,,,,,,,,,,,,,3.4136211366094935,,,-9083.0,,1330.517578125,,,
211605,,,,,,,,,,,,,,,3.426399196572581,,,-9117.0,,1335.498046875,,,
211806,,,,,,,,,,,,,,,3.4421838588799245,,,-9159.0,,1341.650390625,,,
211906,,,,,,,,,,,,,,,3.4279024977447086,,,-9121.0,,1336.083984375,,,
212106,,,,,,,,,,,,,,,3.436922304777476,,,-9145.0,,1339.599609375,,,
212206,,,,,,,,,,,,,,,3.3903199684415104,,,-9021.0,,1321.435546875,,,
212406,,,,,,,,,,,,,,,3.40347385369763,,,-9056.0,,1326.5625,,,
212606,,,,,,,,,,,,,,,3.3685221014456554,,,-8963.0,,1312.939453125,,,
212707,,,,,,,,,,,,,,,3.377541908478423,,,-8987.0,,1316.455078125,,,
212907,,,,,,,,,,,,,,,3.3677704508595916,,,-8961.0,,1312.646484375,,,
213007,,,,,,,,,,,,,,,3.3858100649251273,,,-9009.0,,1319.677734375,,,
213207,,,,,,,,,,,,,,,3.385434239632095,,,-9008.0,,1319.53125,,,
213408,,,,,,,,,,,,,,,3.402346377818534,,,-9053.0,,1326.123046875,,,
213508,,,,,,,,,,,,,,,3.411366184851301,,,-9077.0,,1329.638671875,,,
213709,,,,,,,,,,,,,,,3.426399196572581,,,-9117.0,,1335.498046875,,,
213809,,,,,,,,,,,,,,,3.4327882265541247,,,-9134.0,,1337.98828125,,,
214009,,,,,,,,,,,,,,,3.423768419521357,,,-9110.0,,1334.47265625,,,
214109,,,,,,,,,,,,,,,3.4248958954004527,,,-9113.0,,1334.912109375,,,
214309,,,,,,,,,,,,,,,3.400843076646406,,,-9049.0,,1325.537109375,,,
214509,,,,,,,,,,,,,,,3.40723210662795,,,-9066.0,,1328.02734375,,,
214609,,,,,,,,,,,,,,,3.381675986701775,,,-8998.0,,1318.06640625,,,
214809,,,,,,,,,,,,,,,3.385058414339063,,,-9007.0,,1319.384765625,,,
214910,,,,,,,,,,,,,,,3.359126469119856,,,-8938.0,,1309.27734375,,,
215110,,,,,,,,,,,,,,,3.380172685529647,,,-8994.0,,1317.48046875,,,
215310,,,,,,,,,,,,,,,3.3692737520317197,,,-8965.0,,1313.232421875,,,
215410,,,,,,,,,,,,,,,3.3910716190275747,,,-9023.0,,1321.728515625,,,
215611,,,,,,,,,,,,,,,3.3876891913902867,,,-9014.0,,1320.41015625,,,
215711,,,,,,,,,,,,,,,3.408359582507045,,,-9069.0,,1328.466796875,,,
215911,,,,,,,,,,,,,,,3.406856281334918,,,-9065.0,,1327.880859375,,,
216111,,,,,,,,,,,,,,,3.4151244377816212,,,-9087.0,,1331.103515625,,,
216211,,,,,,,,,,,,,,,3.426023371279549,,,-9116.0,,1335.3515625,,,
216411,,,,,,,,,,,,,,,3.417755214832845,,,-9094.0,,1332.12890625,,,
216511,,,,,,,,,,,,,,,3.4327882265541247,,,-9134.0,,1337.98828125,,,
216712,,,,,,,,,,,,,,,2.791254451348531,,,-7427.0,,1087.939453125,,,
216912,,,,,,,,,,,,,,,1.9189639462213006,,,-5106.0,,747.94921875,,,
217012,,,,,,,,,,,,,,,2.211356024200183,,,-5884.0,,861.9140625,,,
217212,,,,,,,,,,,,,,,2.4372270253124038,,,-6485.0,,949.951171875,,,
217313,,,,,,,,,,,,,,,2.687526670471704,,,-7151.0,,1047.509765625,,,
217512,,,,,,,,,,,,,,,2.8077907642419384,,,-7471.0,,1094.384765625,,,
217713,,,,,,,,,,,,,,,2.9269273821330763,,,-7788.0,,1140.8203125,,,
217813,,,,,,,,,,,,,,,3.028776036544744,,,-8059.0,,1180.517578125,,,
218014,,,,,,,,,,,,,,,3.0753783728807096,,,-8183.0,,1198.681640625,,,
218114,,,,,,,,,,,,,,,2.1196546527003792,,,-5640.0,,826.171875,,,
218314,,,,,,,,,,,,,,,2.331995943263449,,,-6205.0,,908.935546875,,,
218514,,,,,,,,,,,,,,,2.545088884412583,,,-6772.0,,991.9921875,,,
218614,,,,,,,,,,,,,,,2.72285424801671,,,-7245.0,,1061.279296875,,,
218814,,,,,,,,,,,,,,,2.840487564735721,,,-7558.0,,1107.12890625,,,
218915,,,,,,,,,,,,,,,2.956993405575635,,,-7868.0,,1152.5390625,,,
219115,,,,,,,,,,,,,,,3.0573387588151744,,,-8135.0,,1191.650390625,,,
219315,,,,,,,,,,,,,,,3.1264906127330594,,,-8319.0,,1218.603515625,,,
219416,,,,,,,,,,,,,,,3.1685830455526407,,,-8431.0,,1235.009765625,,,
219616,,,,,,,,,,,,,,,3.2441239294520696,,,-8632.0,,1264.453125,,,
219716,,,,,,,,,,,,,,,3.2505129594336126,,,-8649.0,,1266.943359375,,,
219916,,,,,,,,,,,,,,,3.258029465294253,,,-8669.0,,1269.873046875,,,
220116,,,,,,,,,,,,,,,3.2895987899089394,,,-8753.0,,1282.177734375,,,
220216,,,,,,,,,,,,,,,3.3068867533884108,,,-8799.0,,1288.916015625,,,
220416,,,,,,,,,,,,,,,3.354992390896504,,,-8927.0,,1307.666015625,,,
220516,,,,,,,,,,,,,,,3.362133071464112,,,-8946.0,,1310.44921875,,,
220716,,,,,,,,,,,,,,,3.380924336115711,,,-8996.0,,1317.7734375,,,
220917,,,,,,,,,,,,,,,3.3749111314271993,,,-8980.0,,1315.4296875,,,
221017,,,,,,,,,,,,,,,3.40347385369763,,,-9056.0,,1326.5625,,,
221217,,,,,,,,,,,,,,,3.3843067637529987,,,-9005.0,,1319.091796875,,,
221318,,,,,,,,,,,,,,,3.402346377818534,,,-9053.0,,1326.123046875,,,
221517,,,,,,,,,,,,,,,3.385434239632095,,,-9008.0,,1319.53125,,,
221718,,,,,,,,,,,,,,,3.407983757214014,,,-9068.0,,1328.3203125,,,
221818,,,,,,,,,,,,,,,3.374159480841135,,,-8978.0,,1315.13671875,,,
222018,,,,,,,,,,,,,,,3.400091426060342,,,-9047.0,,1325.244140625,,,
222118,,,,,,,,,,,,,,,,,,,,1311.767578125,,,
222219,,,,,,,,,,,,,,,3.3655154991013996,,,-8955.0,,,,,
222318,,,,,,,,,,,,,,,3.377166083185391,,,-8986.0,,1316.30859375,,,
222519,,,,,,,,,,,,,,,3.354992390896504,,,-8927.0,,1307.666015625,,,
222619,,,,,,,,,,,,,,,3.3749111314271993,,,-8980.0,,1315.4296875,,,
222820,,,,,,,,,,,,,,,3.344845107984641,,,-8900.0,,1303.7109375,,,
222919,,,,,,,,,,,,,,,3.363260547343208,,,-8949.0,,1310.888671875,,,
223119,,,,,,,,,,,,,,,3.3538649150174087,,,-8924.0,,1307.2265625,,,
223320,,,,,,,,,,,,,,,3.3625088967571437,,,-8947.0,,1310.595703125,,,
223420,,,,,,,,,,,,,,,3.3572473426546963,,,-8933.0,,1308.544921875,,,
223620,,,,,,,,,,,,,,,3.3730320049620395,,,-8975.0,,1314.697265625,,,
223721,,,,,,,,,,,,,,,3.362884722050176,,,-8948.0,,1310.7421875,,,
223921,,,,,,,,,,,,,,,3.370777053203847,,,-8969.0,,1313.818359375,,,
224120,,,,,,,,,,,,,,,3.373783655548103,,,-8977.0,,1314.990234375,,,
224221,,,,,,,,,,,,,,,3.3794210349435834,,,-8992.0,,1317.1875,,,
224421,,,,,,,,,,,,,,,3.373783655548103,,,-8977.0,,1314.990234375,,,
224521,,,,,,,,,,,,,,,3.392950745492734,,,-9028.0,,1322.4609375,,,
224721,,,,,,,,,,,,,,,3.395581522543958,,,-9035.0,,1323.486328125,,,
224921,,,,,,,,,,,,,,,3.3982122995951825,,,-9042.0,,1324.51171875,,,
225022,,,,,,,,,,,,,,,3.4061046307488536,,,-9063.0,,1327.587890625,,,
225222,,,,,,,,,,,,,,,3.400091426060342,,,-9047.0,,1325.244140625,,,
225322,,,,,,,,,,,,,,,3.4106145342652376,,,-9075.0,,1329.345703125,,,
225523,,,,,,,,,,,,,,,3.4012189019394383,,,-9050.0,,1325.68359375,,,
225723,,,,,,,,,,,,,,,3.4091112330931095,,,-9071.0,,1328.759765625,,,
225823,,,,,,,,,,,,,,,3.403849678990662,,,-9057.0,,1326.708984375,,,
226023,,,,,,,,,,,,,,,3.4151244377816212,,,-9087.0,,1331.103515625,,,
226123,,,,,,,,,,,,,,,3.397460649009118,,,-9040.0,,1324.21875,,,
226323,,,,,,,,,,,,,,,3.407983757214014,,,-9068.0,,1328.3203125,,,
226523,,,,,,,,,,,,,,,3.397460649009118,,,-9040.0,,1324.21875,,,
226624,,,,,,,,,,,,,,,3.4064804560418858,,,-9064.0,,1327.734375,,,
226824,,,,,,,,,,,,,,,3.380548510822679,,,-8995.0,,1317.626953125,,,
226924,,,,,,,,,,,,,,,3.4076079319209818,,,-9067.0,,1328.173828125,,,
227124,,,,,,,,,,,,,,,3.3764144325993275,,,-8984.0,,1316.015625,,,
227324,,,,,,,,,,,,,,,3.40347385369763,,,-9056.0,,1326.5625,,,
227424,,,,,,,,,,,,,,,3.381675986701775,,,-8998.0,,1318.06640625,,,
227625,,,,,,,,,,,,,,,3.4012189019394383,,,-9050.0,,1325.68359375,,,
227725,,,,,,,,,,,,,,,3.3767902578923588,,,-8985.0,,1316.162109375,,,
227925,,,,,,,,,,,,,,,3.4019705525255017,,,-9052.0,,1325.9765625,,,
228125,,,,,,,,,,,,,,,3.3730320049620395,,,-8975.0,,1314.697265625,,,
228225,,,,,,,,,,,,,,,3.3952056972509266,,,-9034.0,,1323.33984375,,,
228425,,,,,,,,,,,,,,,3.362884722050176,,,-8948.0,,1310.7421875,,,
228526,,,,,,,,,,,,,,,3.3858100649251273,,,-9009.0,,1319.677734375,,,
228726,,,,,,,,,,,,,,,3.3643880232223036,,,-8952.0,,1311.328125,,,
228926,,,,,,,,,,,,,,,3.385058414339063,,,-9007.0,,1319.384765625,,,
229027,,,,,,,,,,,,,,,3.363260547343208,,,-8949.0,,1310.888671875,,,
229227,,,,,,,,,,,,,,,3.3918232696136386,,,-9025.0,,1322.021484375,,,
229326,,,,,,,,,,,,,,,3.3640121979292714,,,-8951.0,,1311.181640625,,,
229527,,,,,,,,,,,,,,,3.384682589046031,,,-9006.0,,1319.23828125,,,
229727,,,,,,,,,,,,,,,3.3704012279108153,,,-8968.0,,1313.671875,,,
229828,,,,,,,,,,,,,,,3.391447444320607,,,-9024.0,,1321.875,,,
230028,,,,,,,,,,,,,,,3.3677704508595916,,,-8961.0,,1312.646484375,,,
230128,,,,,,,,,,,,,,,3.373407830255071,,,-8976.0,,1314.84375,,,
230328,,,,,,,,,,,,,,,3.358374818533792,,,-8936.0,,1308.984375,,,
230528,,,,,,,,,,,,,,,3.377917733771455,,,-8988.0,,1316.6015625,,,
230629,,,,,,,,,,,,,,,3.358374818533792,,,-8936.0,,1308.984375,,,
230829,,,,,,,,,,,,,,,3.3824276372878392,,,-9000.0,,1318.359375,,,
230929,,,,,,,,,,,,,,,3.3613814208780477,,,-8944.0,,1310.15625,,,
231129,,,,,,,,,,,,,,,3.378669384357519,,,-8990.0,,1316.89453125,,,
231229,,,,,,,,,,,,,,,3.349355011501024,,,-8912.0,,1305.46875,,,
231430,,,,,,,,,,,,,,,3.379045209650551,,,-8991.0,,1317.041015625,,,
231630,,,,,,,,,,,,,,,3.360253944998952,,,-8941.0,,1309.716796875,,,
231730,,,,,,,,,,,,,,,3.3891924925624144,,,-9018.0,,1320.99609375,,,
231930,,,,,,,,,,,,,,,3.3576231679477284,,,-8934.0,,1308.69140625,,,
232030,,,,,,,,,,,,,,,3.375662782013263,,,-8982.0,,1315.72265625,,,
232230,,,,,,,,,,,,,,,3.35987811970592,,,-8940.0,,1309.5703125,,,
232431,,,,,,,,,,,,,,,3.3752869567202315,,,-8981.0,,1315.576171875,,,
232531,,,,,,,,,,,,,,,3.3651396738083674,,,-8954.0,,1311.62109375,,,
232731,,,,,,,,,,,,,,,3.380924336115711,,,-8996.0,,1317.7734375,,,
232832,,,,,,,,,,,,,,,3.3688979267386876,,,-8964.0,,1313.0859375,,,
233031,,,,,,,,,,,,,,,3.385058414339063,,,-9007.0,,1319.384765625,,,
233232,,,,,,,,,,,,,,,3.3610055955850155,,,-8943.0,,1310.009765625,,,
233332,,,,,,,,,,,,,,,3.384682589046031,,,-9006.0,,1319.23828125,,,
233533,,,,,,,,,,,,,,,3.3576231679477284,,,-8934.0,,1308.69140625,,,
233633,,,,,,,,,,,,,,,3.3873133660972545,,,-9013.0,,1320.263671875,,,
233833,,,,,,,,,,,,,,,3.359126469119856,,,-8938.0,,1309.27734375,,,
234033,,,,,,,,,,,,,,,3.384682589046031,,,-9006.0,,1319.23828125,,,
234132,,,,,,,,,,,,,,,3.3613814208780477,,,-8944.0,,1310.15625,,,
234334,,,,,,,,,,,,,,,3.3782935590644874,,,-8989.0,,1316.748046875,,,
234434,,,,,,,,,,,,,,,3.3760386073062953,,,-8983.0,,1315.869140625,,,
234634,,,,,,,,,,,,,,,3.3869375408042224,,,-9012.0,,1320.1171875,,,
234833,,,,,,,,,,,,,,,3.378669384357519,,,-8990.0,,1316.89453125,,,
234934,,,,,,,,,,,,,,,3.3888166672693827,,,-9017.0,,1320.849609375,,,
235134,,,,,,,,,,,,,,,3.3843067637529987,,,-9005.0,,1319.091796875,,,
235234,,,,,,,,,,,,,,,3.3794210349435834,,,-8992.0,,1317.1875,,,
235435,,,,,,,,,,,,,,,3.380924336115711,,,-8996.0,,1317.7734375,,,
235635,,,,,,,,,,,,,,,3.380172685529647,,,-8994.0,,1317.48046875,,,
235735,,,,,,,,,,,,,,,3.3700254026177836,,,-8967.0,,1313.525390625,,,
235935,,,,,,,,,,,,,,,3.3726561796690078,,,-8974.0,,1314.55078125,,,
236035,,,,,,,,,,,,,,,3.363260547343208,,,-8949.0,,1310.888671875,,,
236235,,,,,,,,,,,,,,,3.3643880232223036,,,-8952.0,,1311.328125,,,
236435,,,,,,,,,,,,,,,3.356871517361664,,,-8932.0,,1308.3984375,,,
236535,,,,,,,,,,,,,,,3.339959379175225,,,-8887.0,,1301.806640625,,,
236736,,,,,,,,,,,,,,,3.348227535621928,,,-8909.0,,1305.029296875,,,
236836,,,,,,,,,,,,,,,3.3455967585707045,,,-8902.0,,1304.00390625,,,
237036,,,,,,,,,,,,,,,3.3395835538821927,,,-8886.0,,1301.66015625,,,
237236,,,,,,,,,,,,,,,3.3286846203842657,,,-8857.0,,1297.412109375,,,
237337,,,,,,,,,,,,,,,3.333946174486713,,,-8871.0,,1299.462890625,,,
237537,,,,,,,,,,,,,,,3.32191976510969,,,-8839.0,,1294.775390625,,,
237637,,,,,,,,,,,,,,,3.336952776830969,,,-8879.0,,1300.634765625,,,
237837,,,,,,,,,,,,,,,3.314779084542082,,,-8820.0,,1291.9921875,,,
238038,,,,,,,,,,,,,,,3.3316912227285216,,,-8865.0,,1298.583984375,,,
238137,,,,,,,,,,,,,,,3.3253021927469777,,,-8848.0,,1296.09375,,,
238338,,,,,,,,,,,,,,,3.337328602124001,,,-8880.0,,1300.78125,,,
238438,,,,,,,,,,,,,,,3.3268054939191054,,,-8852.0,,1296.6796875,,,
238638,,,,,,,,,,,,,,,3.3501066620870885,,,-8914.0,,1305.76171875,,,
238838,,,,,,,,,,,,,,,3.341086855054321,,,-8890.0,,1302.24609375,,,
238939,,,,,,,,,,,,,,,3.3625088967571437,,,-8947.0,,1310.595703125,,,
239139,,,,,,,,,,,,,,,3.347851710328897,,,-8908.0,,1304.8828125,,,
239239,,,,,,,,,,,,,,,3.3843067637529987,,,-9005.0,,1319.091796875,,,
239439,,,,,,,,,,,,,,,3.369649577324752,,,-8966.0,,1313.37890625,,,
239639,,,,,,,,,,,,,,,3.3782935590644874,,,-8989.0,,1316.748046875,,,
239739,,,,,,,,,,,,,,,3.3685221014456554,,,-8963.0,,1312.939453125,,,
239940,,,,,,,,,,,,,,,3.3824276372878392,,,-9000.0,,1318.359375,,,
240039,,,,,,,,,,,,,,,3.371152878496879,,,-8970.0,,1313.96484375,,,
240240,,,,,,,,,,,,,,,3.36175724617108,,,-8945.0,,1310.302734375,,,
240541,,,,,,,,,,,,,,,3.351985788552248,,,-8919.0,,1306.494140625,,,
240741,,,,,,,,,,,,,,,3.344469282691609,,,-8899.0,,1303.564453125,,,
240841,,,,,,,,,,,,,,,3.329436270970329,,,-8859.0,,1297.705078125,,,
241042,,,,,,,,,,,,,,,3.3350736503658096,,,-8874.0,,1299.90234375,,,
241242,,,,,,,,,,,,,,,3.332818698607617,,,-8868.0,,1299.0234375,,,
241341,,,,,,,,,,,,,,,3.3279329697982014,,,-8855.0,,1297.119140625,,,
241542,,,,,,,,,,,,,,,3.314779084542082,,,-8820.0,,1291.9921875,,,
241642,,,,,,,,,,,,,,,3.333194523900649,,,-8869.0,,1299.169921875,,,
241843,,,,,,,,,,,,,,,3.3087658798535706,,,-8804.0,,1289.6484375,,,
242043,,,,,,,,,,,,,,,3.336952776830969,,,-8879.0,,1300.634765625,,,
242143,,,,,,,,,,,,,,,3.3230472409887852,,,-8842.0,,1295.21484375,,,
242343,,,,,,,,,,,,,,,3.3501066620870885,,,-8914.0,,1305.76171875,,,
242443,,,,,,,,,,,,,,,3.329060445677298,,,-8858.0,,1297.55859375,,,
242644,,,,,,,,,,,,,,,3.3677704508595916,,,-8961.0,,1312.646484375,,,
242843,,,,,,,,,,,,,,,3.347851710328897,,,-8908.0,,1304.8828125,,,
242944,,,,,,,,,,,,,,,3.3726561796690078,,,-8974.0,,1314.55078125,,,
243143,,,,,,,,,,,,,,,3.3658913243944317,,,-8956.0,,1311.9140625,,,
243244,,,,,,,,,,,,,,,3.375662782013263,,,-8982.0,,1315.72265625,,,
243444,,,,,,,,,,,,,,,3.3613814208780477,,,-8944.0,,1310.15625,,,
243645,,,,,,,,,,,,,,,3.363260547343208,,,-8949.0,,1310.888671875,,,
243744,,,,,,,,,,,,,,,3.3651396738083674,,,-8954.0,,1311.62109375,,,
243945,,,,,,,,,,,,,,,3.346348409156769,,,-8904.0,,1304.296875,,,
244044,,,,,,,,,,,,,,,3.3452209332776723,,,-8901.0,,1303.857421875,,,
244245,,,,,,,,,,,,,,,3.341838505640385,,,-8892.0,,1302.5390625,,,
244445,,,,,,,,,,,,,,,3.3395835538821927,,,-8886.0,,1301.66015625,,,
244546,,,,,,,,,,,,,,,3.3275571445051697,,,-8854.0,,1296.97265625,,,
244746,,,,,,,,,,,,,,,3.3309395721424573,,,-8863.0,,1298.291015625,,,
244846,,,,,,,,,,,,,,,3.302752675165059,,,-8788.0,,1287.3046875,,,
245046,,,,,,,,,,,,,,,3.3279329697982014,,,-8855.0,,1297.119140625,,,
245247,,,,,,,,,,,,,,,3.3087658798535706,,,-8804.0,,1289.6484375,,,
245347,,,,,,,,,,,,,,,3.3298120962633613,,,-8860.0,,1297.8515625,,,
245547,,,,,,,,,,,,,,,3.3230472409887852,,,-8842.0,,1295.21484375,,,
245647,,,,,,,,,,,,,,,3.3346978250727775,,,-8873.0,,1299.755859375,,,
245847,,,,,,,,,,,,,,,3.3320670480215537,,,-8866.0,,1298.73046875,,,
246048,,,,,,,,,,,,,,,3.3643880232223036,,,-8952.0,,1311.328125,,,
246148,,,,,,,,,,,,,,,3.355368216189536,,,-8928.0,,1307.8125,,,
246348,,,,,,,,,,,,,,,3.3719045290829435,,,-8972.0,,1314.2578125,,,
246449,,,,,,,,,,,,,,,3.3658913243944317,,,-8956.0,,1311.9140625,,,
246648,,,,,,,,,,,,,,,3.377917733771455,,,-8988.0,,1316.6015625,,,
246849,,,,,,,,,,,,,,,3.3610055955850155,,,-8943.0,,1310.009765625,,,
246949,,,,,,,,,,,,,,,3.358374818533792,,,-8936.0,,1308.984375,,,
247149,,,,,,,,,,,,,,,3.3504824873801207,,,-8915.0,,1305.908203125,,,
247249,,,,,,,,,,,,,,,3.346348409156769,,,-8904.0,,1304.296875,,,
247450,,,,,,,,,,,,,,,3.343341806812513,,,-8896.0,,1303.125,,,
247551,,,,,,,,,,,,,,,3.317785686886338,,,-8828.0,,1293.1640625,,,
247751,,,,,,,,,,,,,,,3.3275571445051697,,,-8854.0,,1296.97265625,,,
247951,,,,,,,,,,,,,,,3.3166582110072422,,,-8825.0,,1292.724609375,,,
248051,,,,,,,,,,,,,,,3.329060445677298,,,-8858.0,,1297.55859375,,,
248251,,,,,,,,,,,,,,,3.3125241327838904,,,-8814.0,,1291.11328125,,,
248351,,,,,,,,,,,,,,,3.3298120962633613,,,-8860.0,,1297.8515625,,,
248551,,,,,,,,,,,,,,,3.319288988058466,,,-8832.0,,1293.75,,,
248751,,,,,,,,,,,,,,,3.3377044274170333,,,-8881.0,,1300.927734375,,,
248852,,,,,,,,,,,,,,,3.330563746849425,,,-8862.0,,1298.14453125,,,
249052,,,,,,,,,,,,,,,3.355744041482568,,,-8929.0,,1307.958984375,,,
249153,,,,,,,,,,,,,,,3.317785686886338,,0.1,-8828.0,,1293.1640625,,,
249353,,,,,,,,,,,,,,,3.02050788009804,,,-8037.0,,1177.294921875,,,
249553,,,,,,,,,,,,,,,2.751041144994109,,,-7320.0,,1072.265625,,,
249653,,,,,,,,,,,,,,,2.458649067015227,,,-6542.0,,958.30078125,,,
249853,,,,,,,,,,,,,,,2.2365363188333256,,,-5951.0,,871.728515625,,,
249953,,,,,,,,,,,,,,,2.0084103659629124,,,-5344.0,,782.8125,,,
250153,,,,,,,,,,,,,,,1.829893351772721,,,-4869.0,,713.232421875,,,
250253,,,,,,,,,,,,,,,,,0.0,,,,,,
250353,,,,,,,,,,,,,,,1.7156424626909983,,,-4565.0,,668.701171875,,,
250454,,,,,,,,,,,,,,,1.4833824315972333,,,-3947.0,,578.173828125,,,
250653,,,,,,,,,,,,,,,1.2781818216017713,,,-3401.0,,498.193359375,,,
250753,,,,,,,,,,,,,,,1.0586998504710936,,,-2817.0,,412.646484375,,,
250954,,,,,,,,,,,,,,,0.8478618610801517,,,-2256.0,,330.46875,,,
251155,,,,,,,,,,,,,,,0.651681058117457,,,-1734.0,,254.00390625,,,
251255,,,,,,,,,,,,,,,0.41904520173066,,,-1115.0,,163.330078125,,,
251455,,,,,,,,,,,,,,,0.26758760863877123,,,-712.0,,104.296875,,,
251555,,,,,,,,,,,,,,,0.0860639921043239,,,-229.0,,33.544921875,,,
251755,,,,,,,,,,,,,,,-0.0026307770512238745,,,7.0,,-1.025390625,,,
251955,,,,,,,,,,,,,,,-0.0,,,0.0,,-0.0,,,
286193,,,,,,,,,,,,,,,-0.0011274758790959462,,,3.0,,-0.439453125,,,
286294,,,,,,,,,,,,,,,-0.0,,,0.0,,-0.0,,,
300008,,,,,,,,,,,,,,,,,0.1,,,,,,
300109,,,,,,,,,,,,,,,0.009771457618831534,,,-26.0,,3.80859375,,,
300208,,,,,,,,,,,,,,,0.21497206761429377,,,-572.0,,83.7890625,,,
300408,,,,,,,,,,,,,,,0.39461655768358117,,,-1050.0,,153.80859375,,,
300609,,,,,,,,,,,,,,,0.5682478430643569,,0.2,-1512.0,,221.484375,,,
300709,,,,,,,,,,,,,,,0.8775520592296782,,,-2335.0,,342.041015625,,,
300909,,,,,,,,,,,,,,,1.4326460170379156,,,-3812.0,,558.3984375,,,
301010,,,,,,,,,,,,,,,1.8460538393730959,,,-4912.0,,719.53125,,,
301211,,,,,,,,,,,,,,,2.1880548560321995,,,-5822.0,,852.83203125,,,
301410,,,,,,,,,,,,,,,2.4297105194517643,,,-6465.0,,947.021484375,,,
301511,,,,,,,,,,,,,,,2.6078517083489237,,,-6939.0,,1016.455078125,,,
301711,,,,,,,,,,,,,,,2.797267656037043,,,-7443.0,,1090.283203125,,,
301811,,,,,,,,,,,,,,,2.8919756298811023,,,-7695.0,,1127.197265625,,,
302011,,,,,,,,,,,,,,,2.9848044772600018,,,-7942.0,,1163.37890625,,,
302111,,,,,,,,,,,,,,,3.041178271214799,,,-8092.0,,1185.3515625,,,
302311,,,,,,,,,,,,,,,3.087404782257733,,,-8215.0,,1203.369140625,,,
302512,,,,,,,,,,,,,,,3.131752166835507,,,-8333.0,,1220.654296875,,,
302612,,,,,,,,,,,,,,,3.1900050872554644,,,-8488.0,,1243.359375,,,
302812,,,,,,,,,,,,,,,3.190756737841528,,,-8490.0,,1243.65234375,,,
302912,,,,,,,,,,,,,,,3.229842568316854,,,-8594.0,,1258.88671875,,,
303113,,,,,,,,,,,,,,,3.2602844170524445,,,-8675.0,,1270.751953125,,,
303313,,,,,,,,,,,,,,,3.262163543517605,,,-8680.0,,1271.484375,,,
303413,,,,,,,,,,,,,,,3.258029465294253,,,-8669.0,,1269.873046875,,,
303613,,,,,,,,,,,,,,,3.2565261641221253,,,-8665.0,,1269.287109375,,,
303714,,,,,,,,,,,,,,,3.298242771648675,,,-8776.0,,1285.546875,,,
303913,,,,,,,,,,,,,,,3.315154909835114,,,-8821.0,,1292.138671875,,,
304114,,,,,,,,,,,,,,,3.3098933557326666,,,-8807.0,,1290.087890625,,,
304214,,,,,,,,,,,,,,,3.3132757833699547,,,-8816.0,,1291.40625,,,
304414,,,,,,,,,,,,,,,3.27644490465282,,,-8718.0,,1277.05078125,,,
304515,,,,,,,,,,,,,,,3.2835855852204276,,,-8737.0,,1279.833984375,,,
304715,,,,,,,,,,,,,,,3.2820822840482995,,,-8733.0,,1279.248046875,,,
304915,,,,,,,,,,,,,,,3.315154909835114,,,-8821.0,,1292.138671875,,,
305015,,,,,,,,,,,,,,,3.3128999580769225,,,-8815.0,,1291.259765625,,,
305215,,,,,,,,,,,,,,,3.3275571445051697,,,-8854.0,,1296.97265625,,,
305315,,,,,,,,,,,,,,,3.3155307351281462,,,-8822.0,,1292.28515625,,,
305516,,,,,,,,,,,,,,,3.300121898113835,,,-8781.0,,1286.279296875,,,
305716,,,,,,,,,,,,,,,3.294860344011387,,,-8767.0,,1284.228515625,,,
305816,,,,,,,,,,,,,,,3.26704927232702,,,-8693.0,,1273.388671875,,,
306016,,,,,,,,,,,,,,,3.3012493739929303,,,-8784.0,,1286.71875,,,
306116,,,,,,,,,,,,,,,3.3087658798535706,,,-8804.0,,1289.6484375,,,
306316,,,,,,,,,,,,,,,3.319664813351498,,,-8833.0,,1293.896484375,,,
306517,,,,,,,,,,,,,,,2.210980198907151,,,-5883.0,,861.767578125,,,
306616,,,,,,,,,,,,,,,2.4236973147632526,,,-6449.0,,944.677734375,,,
306817,,,,,,,,,,,,,,,2.6052209312977,,,-6932.0,,1015.4296875,,,
306917,,,,,,,,,,,,,,,2.7807313431436356,,,-7399.0,,1083.837890625,,,
307117,,,,,,,,,,,,,,,2.858903004094288,,,-7607.0,,1114.306640625,,,
307318,,,,,,,,,,,,,,,2.9502285503010595,,,-7850.0,,1149.90234375,,,
307417,,,,,,,,,,,,,,,3.021635355977136,,,-8040.0,,1177.734375,,,
307618,,,,,,,,,,,,,,,3.06786186702007,,,-8163.0,,1195.751953125,,,
307718,,,,,,,,,,,,,,,3.1174708057002913,,,-8295.0,,1215.087890625,,,
307918,,,,,,,,,,,,,,,3.151670907366202,,,-8386.0,,1228.41796875,,,
308119,,,,,,,,,,,,,,,3.170837997310833,,,-8437.0,,1235.888671875,,,
308219,,,,,,,,,,,,,,,3.2087963519070635,,,-8538.0,,1250.68359375,,,
308419,,,,,,,,,,,,,,,3.2042864483906794,,,-8526.0,,1248.92578125,,,
308519,,,,,,,,,,,,,,,3.2159370324746703,,,-8557.0,,1253.466796875,,,
308719,,,,,,,,,,,,,,,3.2632910193967004,,,-8683.0,,1271.923828125,,,
308920,,,,,,,,,,,,,,,3.254271212363933,,,-8659.0,,1268.408203125,,,
309019,,,,,,,,,,,,,,,3.233224995954142,,,-8603.0,,1260.205078125,,,
309220,,,,,,,,,,,,,,,3.2726866517224997,,,-8708.0,,1275.5859375,,,
309319,,,,,,,,,,,,,,,3.2828339346343633,,,-8735.0,,1279.541015625,,,
309520,,,,,,,,,,,,,,,3.280578982876172,,,-8729.0,,1278.662109375,,,
309720,,,,,,,,,,,,,,,3.265545971154893,,,-8689.0,,1272.802734375,,,
309821,,,,,,,,,,,,,,,3.2493854835545175,,,-8646.0,,1266.50390625,,,
310021,,,,,,,,,,,,,,,3.2794515069970758,,,-8726.0,,1278.22265625,,,
310121,,,,,,,,,,,,,,,3.2895987899089394,,,-8753.0,,1282.177734375,,,
310521,,,,,,,,,,,,,,,3.271559175843404,,,-8705.0,,1275.146484375,,,
310622,,,,,,,,,,,,,,,3.2351041224193016,,,-8608.0,,1260.9375,,,
310821,,,,,,,,,,,,,,,3.2711833505503725,,,-8704.0,,1275.0,,,
310922,,,,,,,,,,,,,,,3.280954808169204,,,-8730.0,,1278.80859375,,,
311122,,,,,,,,,,,,,,,2.179786699585496,,,-5800.0,,849.609375,,,
311322,,,,,,,,,,,,,,,2.2921584622020585,,,-6099.0,,893.408203125,,,
311423,,,,,,,,,,,,,,,2.5086338309884804,,,-6675.0,,977.783203125,,,
311622,,,,,,,,,,,,,,,2.6424276353078664,,,-7031.0,,1029.931640625,,,
311723,,,,,,,,,,,,,,,2.829212805944761,,,-7528.0,,1102.734375,,,
311923,,,,,,,,,,,,,,,2.9224174786166928,,,-7776.0,,1139.0625,,,
312123,,,,,,,,,,,,,,,2.98630777843213,,,-7946.0,,1163.96484375,,,
312223,,,,,,,,,,,,,,,3.0347892412332556,,,-8075.0,,1182.861328125,,,
312424,,,,,,,,,,,,,,,3.0926663363601805,,,-8229.0,,1205.419921875,,,
312524,,,,,,,,,,,,,,,3.1208532333375794,,,-8304.0,,1216.40625,,,
312724,,,,,,,,,,,,,,,3.173844599655089,,,-8445.0,,1237.060546875,,,
312924,,,,,,,,,,,,,,,3.194139165478816,,,-8499.0,,1244.970703125,,,
313025,,,,,,,,,,,,,,,3.2005281954603593,,,-8516.0,,1247.4609375,,,
313225,,,,,,,,,,,,,,,3.2347282971262703,,0.30000000000000004,-8607.0,,1260.791015625,,,
313325,,,,,,,,,,,,,,,3.6161909695537315,,,-9622.0,,1409.47265625,,,
313524,,,,,,,,,,,,,,,3.9649568414874112,,,-10550.0,,1545.41015625,,,
313725,,,,,,,,,,,,,,,4.311091936369866,,,-11471.0,,1680.322265625,,,
313825,,,,,,,,,,,,,,,4.523433226932937,,,-12036.0,,1763.0859375,,,
314026,,,,,,,,,,,,,,,4.716983252844408,,,-12551.0,,1838.525390625,,,
314126,,,,,,,,,,,,,,,4.873326574745712,,,-12967.0,,1899.462890625,,,
314326,,,,,,,,,,,,,,,5.00185882496265,,,-13309.0,,1949.560546875,,,
314526,,,,,,,,,,,,,,,5.111599810527989,,,-13601.0,,1992.333984375,,,
314626,,,,,,,,,,,,,,,5.201797880855664,,,-13841.0,,2027.490234375,,,
314827,,,,,,,,,,,,,,,5.265312355378069,,,-14010.0,,2052.24609375,,,
314927,,,,,,,,,,,,,,,5.2795937165132845,,,-14048.0,,2057.8125,,,
315127,,,,,,,,,,,,,,,5.331081781658666,,,-14185.0,,2077.880859375,,,
315327,,,,,,,,,,,,,,,5.368288485668832,,,-14284.0,,2092.3828125,,,
315427,,,,,,,,,,,,,,,5.387831400906495,,,-14336.0,,2100.0,,,
315628,,,,,,,,,,,,,,,5.254413421880142,,,-13981.0,,2047.998046875,,,
315728,,,,,,,,,,,,,,,4.608369743158165,,,-12262.0,,1796.19140625,,,
315928,,,,,,,,,,,,,,,4.813946178446659,,,-12809.0,,1876.318359375,,,
316129,,,,,,,,,,,,,,,4.945109205714821,,,-13158.0,,1927.44140625,,,
316228,,,,,,,,,,,,,,,5.012757758460577,,,-13338.0,,1953.80859375,,,
316428,,,,,,,,,,,,,,,5.119867966974692,,,-13623.0,,1995.556640625,,,
316528,,,,,,,,,,,,,,,5.1525647674684745,,,-13710.0,,2008.30078125,,,
316729,,,,,,,,,,,,,,,5.227729826074871,,,-13910.0,,2037.59765625,,,
316929,,,,,,,,,,,,,,,5.253661771294078,,,-13979.0,,2047.705078125,,,
317029,,,,,,,,,,,,,,,5.339725763398402,,,-14208.0,,2081.25,,,
317229,,,,,,,,,,,,,,,5.335967510468082,,,-14198.0,,2079.78515625,,,
317329,,,,,,,,,,,,,,,5.388958876785591,,,-14339.0,,2100.439453125,,,
317530,,,,,,,,,,,,,,,5.394972081474103,,,-14355.0,,2102.783203125,,,
317731,,,,,,,,,,,,,,,5.410005093195382,,,-14395.0,,2108.642578125,,,
317831,,,,,,,,,,,,,,,5.45886238128954,,,-14525.0,,2127.685546875,,,
317930,,,,,,,,,,,,,,,,,0.20000000000000004,,,,,,
318030,,,,,,,,,,,,,,,5.341604889863562,,,-14213.0,,2081.982421875,,,
318131,,,,,,,,,,,,,,,5.0627425224338305,,,-13471.0,,1973.291015625,,,
318331,,,,,,,,,,,,,,,4.78012190207378,,,-12719.0,,1863.134765625,,,
318432,,,,,,,,,,,,,,,4.5459827445148555,,,-12096.0,,1771.875,,,
318632,,,,,,,,,,,,,,,4.365962429152536,,,-11617.0,,1701.708984375,,,
318832,,,,,,,,,,,,,,,4.141594729212443,,,-11020.0,,1614.2578125,,,
318932,,,,,,,,,,,,,,,3.9841239314320425,,,-10601.0,,1552.880859375,,,
319132,,,,,,,,,,,,,,,3.8676180905921282,,,-10291.0,,1507.470703125,,,
319233,,,,,,,,,,,,,,,3.765769436180461,,,-10020.0,,1467.7734375,,,
319433,,,,,,,,,,,,,,,3.632727282447139,,,-9666.0,,1415.91796875,,,
319633,,,,,,,,,,,,,,,3.602661259004581,,,-9586.0,,1404.19921875,,,
319733,,,,,,,,,,,,,,,3.530878628035472,,,-9395.0,,1376.220703125,,,
319933,,,,,,,,,,,,,,,3.5241137727608964,,,-9377.0,,1373.583984375,,,
320033,,,,,,,,,,,,,,,3.475256484666738,,,-9247.0,,1354.541015625,,,
320233,,,,,,,,,,,,,,,3.424144244814389,,,-9111.0,,1334.619140625,,,
320434,,,,,,,,,,,,,,,3.374159480841135,,,-8978.0,,1315.13671875,,,
320534,,,,,,,,,,,,,,,3.3700254026177836,,,-8967.0,,1313.525390625,,,
320734,,,,,,,,,,,,,,,3.3346978250727775,,,-8873.0,,1299.755859375,,,
320834,,,,,,,,,,,,,,,3.333946174486713,,,-8871.0,,1299.462890625,,,
321034,,,,,,,,,,,,,,,3.3053834522162826,,,-8795.0,,1288.330078125,,,
321235,,,,,,,,,,,,,,,3.319288988058466,,,-8832.0,,1293.75,,,
321335,,,,,,,,,,,,,,,3.304255976337186,,,-8792.0,,1287.890625,,,
321535,,,,,,,,,,,,,,,3.3346978250727775,,,-8873.0,,1299.755859375,,,
321636,,,,,,,,,,,,,,,3.333570349193681,,,-8870.0,,1299.31640625,,,
321836,,,,,,,,,,,,,,,3.343341806812513,,,-8896.0,,1303.125,,,
322036,,,,,,,,,,,,,,,3.3200406386445294,,,-8834.0,,1294.04296875,,,
322136,,,,,,,,,,,,,,,3.3068867533884108,,,-8799.0,,1288.916015625,,,
322336,,,,,,,,,,,,,,,3.291477916374099,,,-8758.0,,1282.91015625,,,
322436,,,,,,,,,,,,,,,3.270055874671276,,,-8701.0,,1274.560546875,,,
322636,,,,,,,,,,,,,,,3.2926053922531953,,,-8761.0,,1283.349609375,,,
322836,,,,,,,,,,,,,,,3.3057592775093148,,,-8796.0,,1288.4765625,,,
322936,,,,,,,,,,,,,,,3.3346978250727775,,,-8873.0,,1299.755859375,,,
323137,,,,,,,,,,,,,,,3.322295590402722,,,-8840.0,,1294.921875,,,
323237,,,,,,,,,,,,,,,,,0.10000000000000003,,,,,,
323337,,,,,,,,,,,,,,,3.2508887847266448,,,-8650.0,,1267.08984375,,,
323437,,,,,32.0,,,,,,,[],[],,2.943463695026484,,,-7832.0,,1147.265625,,,
323638,,,,,,,,,,,,,,,2.6179989912607873,,,-6966.0,,1020.41015625,,,
323738,,,,,,,,,,,,,,,2.4082884777489415,,,-6408.0,,938.671875,,,
323938,,,,,,,,,,,,,,,2.153103103780225,,,-5729.0,,839.208984375,,,
324138,,,,,,,,,,,,,,,1.8979177298115095,,,-5050.0,,739.74609375,,,
324238,,,,,,,,,,,,,,,1.6600203193222647,,,-4417.0,,647.021484375,,,
324438,,,,,,,,,,,,,,,1.4014525177162613,,,-3729.0,,546.240234375,,,
324538,,,,,,,,,,,,,,,1.1898628777392555,,,-3166.0,,463.76953125,,,
324739,,,,,,,,,,,,,,,0.9542204190082026,,,-2539.0,,371.923828125,,,
324839,,,,,,,,,,,,,,,0.75465718840822,,,-2008.0,,294.140625,,,
325039,,,,,,,,,,,,,,,0.5599796866176533,,,-1490.0,,218.26171875,,,
325239,,,,,,,,,,,,,,,0.3972473347348051,,,-1057.0,,154.833984375,,,
325339,,,,,,,,,,,,,,,0.18152361653444737,,,-483.0,,70.751953125,,,
325540,,,,,,,,,,,,,,,0.022549517581918924,,,-60.0,,8.7890625,,,
325740,,,,,,,,,,,,,,,-0.0,,,0.0,,-0.0,,,
348565,,,,,,,,,,,,,,,0.0022549517581918923,,,-6.0,,0.87890625,,,
348765,,,,,,,,,,,,,,,-0.003382427637287839,,,9.0,,-1.318359375,,,
348865,,,,,,,,,,,,,,,-0.0,,,0.0,,-0.0,,,
349166,,,,,,,,,,,,,,,-0.007892331153671625,,,21.0,,-3.076171875,,,
349366,,,,,,,,,,,,,,,-0.0,,,0.0,,-0.0,,,
350868,,,,,33.0,,,,,,,"[970059.0, 2.4969224E7]","[RotateTurret, Shoot]",,,,,,,,,,
351168,,,,,,,,,,,,,,,0.21046216409790997,,,-560.0,,82.03125,,,
351268,,,,,,,,,,,,,,,0.3592889801385749,,,-956.0,,140.0390625,,,
351469,,,,,,,,,,,,,,,0.5302894884681267,,,-1411.0,,206.689453125,,,
351569,,,,,,,,,,,,,,,0.6576942628059687,,,-1750.0,,256.34765625,,,
351768,,,,,,,,,,,,,,,0.71669883381199,,,-1907.0,,279.345703125,,,
351868,,,,,,,,,,,,,,,,,0.20000000000000004,,,,,,
351970,,,,,,,,,,,,,,,0.8933367215370215,,,-2377.0,,348.193359375,,,
352074,,,,,,,,,,,,,,,1.4713560222202098,,,-3915.0,,573.486328125,,,
352269,,,,,,,,,,,,,,,1.9249771509098121,,,-5122.0,,750.29296875,,,
352370,,,,,,,,,,,,,,,2.210980198907151,,,-5883.0,,861.767578125,,,
352570,,,,,,,,,,,,,,,2.407161001869845,,,-6405.0,,938.232421875,,,
352770,,,,,,,,,,,,,,,2.6179989912607873,,,-6966.0,,1020.41015625,,,
352870,,,,,,,,,,,,,,,2.725860850360966,,,-7253.0,,1062.451171875,,,
353070,,,,,,,,,,,,,,,2.8679228111270554,,,-7631.0,,1117.822265625,,,
353171,,,,,,,,,,,,,,,2.9479735985428674,,,-7844.0,,1149.0234375,,,
353371,,,,,,,,,,,,,,,3.0077298201349527,,,-8003.0,,1172.314453125,,,
353571,,,,,,,,,,,,,,,3.070492644071294,,,-8170.0,,1196.77734375,,,
353671,,,,,,,,,,,,,,,3.106571872202364,,,-8266.0,,1210.83984375,,,
353871,,,,,,,,,,,,,,,3.1494159556080104,,,-8380.0,,1227.5390625,,,
353971,,,,,,,,,,,,,,,3.1652006179153536,,,-8422.0,,1233.69140625,,,
354172,,,,,,,,,,,,,,,3.188125960790304,,,-8483.0,,1242.626953125,,,
354272,,,,,,,,,,,,,,,3.233224995954142,,,-8603.0,,1260.205078125,,,
354472,,,,,,,,,,,,,,,3.228715092437758,,,-8591.0,,1258.447265625,,,
354672,,,,,,,,,,,,,,,3.2133062554234466,,,-8550.0,,1252.44140625,,,
354773,,,,,,,,,,,,,,,3.2678009229130844,,,-8695.0,,1273.681640625,,,
354972,,,,,,,,,,,,,,,3.2651701458618607,,,-8688.0,,1272.65625,,,
355073,,,,,,,,,,,,,,,3.2441239294520696,,,-8632.0,,1264.453125,,,
355273,,,,,,,,,,,,,,,3.245251405331165,,,-8635.0,,1264.892578125,,,
355473,,,,,,,,,,,,,,,3.26704927232702,,,-8693.0,,1273.388671875,,,
355574,,,,,,,,,,,,,,,3.288471314029843,,,-8750.0,,1281.73828125,,,
355774,,,,,,,,,,,,,,,3.2681767482061166,,,-8696.0,,1273.828125,,,
355874,,,,,,,,,,,,,,,3.239238200642654,,,-8619.0,,1262.548828125,,,
356074,,,,,,,,,,,,,,,3.255398688243029,,,-8662.0,,1268.84765625,,,
356274,,,,,,,,,,,,,,,3.281706458755268,,,-8732.0,,1279.1015625,,,
356375,,,,,,,,,,,,,,,3.2880954887368117,,,-8749.0,,1281.591796875,,,
356574,,,,,,,,,,,,,,,3.2659217964479246,,,-8690.0,,1272.94921875,,,
356674,,,,,,,,,,,,,,,3.2433722788660058,,,-8630.0,,1264.16015625,,,
356875,,,,,,,,,,,,,,,3.2644184952757964,,,-8686.0,,1272.36328125,,,
357075,,,,,,,,,,,,,,,3.228715092437758,,,-8591.0,,1258.447265625,,,
357175,,,,,,,,,,,,,,,3.0757541981737417,,,-8184.0,,1198.828125,,,
357375,,,,,,,,,,,,,,,2.414677507730485,,,-6425.0,,941.162109375,,,
357475,,,,,,,,,,,,,,,1.5115693285746319,,,-4022.0,,589.16015625,,,
357676,,,,,,,,,,,,,,,1.8795022904529424,,,-5001.0,,732.568359375,,,
357876,,,,,,,,,,,,,,,2.2256373853353977,,,-5922.0,,867.48046875,,,
357976,,,,,,,,,,,,,,,2.4481259588103312,,,-6514.0,,954.19921875,,,
358177,,,,,,,,,,,,,,,2.134687664421658,,,-5680.0,,832.03125,,,
358277,,,,,,,,,,,,,,,1.2142915217863341,,,-3231.0,,473.291015625,,,
358476,,,,,,,,,,,,,,,1.718273239742222,,,-4572.0,,669.7265625,,,
358677,,,,,,,,,,,,,,,2.0685424128480294,,,-5504.0,,806.25,,,
358777,,,,,,,,,,,,,,,2.3477806055707924,,,-6247.0,,915.087890625,,,
358977,,,,,,,,,,,,,,,2.543209757947423,,,-6767.0,,991.259765625,,,
359078,,,,,,,,,,,,,,,2.672869484043457,,,-7112.0,,1041.796875,,,
359278,,,,,,,,,,,,,,,2.840487564735721,,,-7558.0,,1107.12890625,,,
359478,,,,,,,,,,,,,,,2.9306856350633965,,,-7798.0,,1142.28515625,,,
359577,,,,,,,,,,,,,,,2.989314380776386,,,-7954.0,,1165.13671875,,,
359778,,,,,,,,,,,,,,,3.0385474941635753,,,-8085.0,,1184.326171875,,,
359878,,,,,,,,,,,,,,,3.084022354620445,,,-8206.0,,1202.05078125,,,
360078,,,,,,,,,,,,,,,3.129873040370347,,,-8328.0,,1219.921875,,,
360279,,,,,,,,,,,,,,,3.144530226798594,,,-8367.0,,1225.634765625,,,
360379,,,,,,,,,,,,,,,3.1806094549296646,,,-8463.0,,1239.697265625,,,
360579,,,,,,,,,,,,,,,3.1802336296366325,,,-8462.0,,1239.55078125,,,
360779,,,,,,,,,,,,,,,3.206917225441903,,,-8533.0,,1249.951171875,,,
360879,,,,,,,,,,,,,,,3.2159370324746703,,,-8557.0,,1253.466796875,,,
361080,,,,,,,,,,,,,,,3.2016556713394557,,,-8519.0,,1247.900390625,,,
361180,,,,,,,,,,,,,,,3.2211985865771187,,,-8571.0,,1255.517578125,,,
361381,,,,,,,,,,,,,,,3.23284917066111,,,-8602.0,,1260.05859375,,,
361481,,,,,,,,,,,,,,,3.2211985865771187,,,-8571.0,,1255.517578125,,,
361680,,,,,,,,,,,,,,,3.2200711106980227,,,-8568.0,,1255.078125,,,
361881,,,,,,,,,,,,,,,3.246754706503294,,,-8639.0,,1265.478515625,,,
361981,,,,,,,,,,,,,,,3.231721694782014,,,-8599.0,,1259.619140625,,,
362181,,,,,,,,,,,,,,,3.2039106230976473,,,-8525.0,,1248.779296875,,,
362281,,,,,,,,,,,,,,,3.2433722788660058,,,-8630.0,,1264.16015625,,,
362482,,,,,,,,,,,,,,,3.245251405331165,,,-8635.0,,1264.892578125,,,
362682,,,,,,,,,,,,,,,3.2227018877492464,,,-8575.0,,1256.103515625,,,
362782,,,,,,,,,,,,,,,3.2260843153865344,,,-8584.0,,1257.421875,,,
362982,,,,,,,,,,,,,,,3.249761308847549,,,-8647.0,,1266.650390625,,,
363182,,,,,,,,,,,,,,,3.2388623753496217,,,-8618.0,,1262.40234375,,,
363282,,,,,,,,,,,,,,,3.229842568316854,,,-8594.0,,1258.88671875,,,
363483,,,,,,,,,,,,,,,3.22909091773079,,,-8592.0,,1258.59375,,,
363583,,,,,,,,,,,,,,,3.2523920858987734,,,-8654.0,,1267.67578125,,,
363783,,,,,,,,,,,,,,,3.2279634418516947,,,-8589.0,,1258.154296875,,,
363883,,,,,,,,,,,,,,,3.209923827786159,,,-8541.0,,1251.123046875,,,
364083,,,,,,,,,,,,,,,3.255022862949997,,,-8661.0,,1268.701171875,,,
364284,,,,,,,,,,,,,,,3.2426206282799415,,,-8628.0,,1263.8671875,,,
364384,,,,,,,,,,,,,,,3.210675478372223,,,-8543.0,,1251.416015625,,,
364584,,,,,,,,,,,,,,,3.2305942189029184,,,-8596.0,,1259.1796875,,,
364684,,,,,,,,,,,,,,,3.2456272306241973,,,-8636.0,,1265.0390625,,,
364884,,,,,,,,,,,,,,,3.228715092437758,,,-8591.0,,1258.447265625,,,
365084,,,,,,,,,,,,,,,3.2196952854049905,,,-8567.0,,1254.931640625,,,
365185,,,,,,,,,,,,,,,3.2456272306241973,,,-8636.0,,1265.0390625,,,
365385,,,,,,,,,,,,,,,3.234352471833238,,,-8606.0,,1260.64453125,,,
365485,,,,,,,,,,,,,,,3.220446935991055,,,-8569.0,,1255.224609375,,,
365685,,,,,,,,,,,,,,,3.211427128958287,,,-8545.0,,1251.708984375,,,
365885,,,,,,,,,,,,,,,3.2523920858987734,,,-8654.0,,1267.67578125,,,
365985,,,,,,,,,,,,,,,3.232473345368078,,,-8601.0,,1259.912109375,,,
366185,,,,,,,,,,,,,,,3.211051303665255,,,-8544.0,,1251.5625,,,
366286,,,,,,,,,,,,,,,3.240741501814782,,,-8623.0,,1263.134765625,,,
366486,,,,,,,,,,,,,,,3.23284917066111,,,-8602.0,,1260.05859375,,,
366687,,,,,,,,,,,,,,,3.2042864483906794,,,-8526.0,,1248.92578125,,,
366787,,,,,,,,,,,,,,,3.226460140679566,,,-8585.0,,1257.568359375,,,
366988,,,,,,,,,,,,,,,3.2429964535729736,,,-8629.0,,1264.013671875,,,
367087,,,,,,,,,,,,,,,3.2242051889213745,,,-8579.0,,1256.689453125,,,
367288,,,,,,,,,,,,,,,3.2200711106980227,,,-8568.0,,1255.078125,,,
367488,,,,,,,,,,,,,,,3.234352471833238,,,-8606.0,,1260.64453125,,,
367588,,,,,,,,,,,,,,,3.23284917066111,,,-8602.0,,1260.05859375,,,
367789,,,,,,,,,,,,,,,3.215561207181639,,,-8556.0,,1253.3203125,,,
367888,,,,,,,,,,,,,,,3.221574411870151,,,-8572.0,,1255.6640625,,,
368088,,,,,,,,,,,,,,,3.246754706503294,,,-8639.0,,1265.478515625,,,
368289,,,,,,,,,,,,,,,3.221574411870151,,,-8572.0,,1255.6640625,,,
368388,,,,,,,,,,,,,,,3.2163128577677025,,,-8558.0,,1253.61328125,,,
368589,,,,,,,,,,,,,,,3.249761308847549,,,-8647.0,,1266.650390625,,,
368689,,,,,,,,,,,,,,,3.2384865500565896,,,-8617.0,,1262.255859375,,,
368889,,,,,,,,,,,,,,,3.2072930507349353,,,-8534.0,,1250.09765625,,,
369089,,,,,,,,,,,,,,,3.2347282971262703,,,-8607.0,,1260.791015625,,,
369189,,,,,,,,,,,,,,,3.2396140259356856,,,-8620.0,,1262.6953125,,,
369390,,,,,,,,,,,,,,,3.218943634818927,,,-8565.0,,1254.638671875,,,
369490,,,,,,,,,,,,,,,3.2196952854049905,,,-8567.0,,1254.931640625,,,
369691,,,,,,,,,,,,,,,3.2388623753496217,,,-8618.0,,1262.40234375,,,
369890,,,,,,,,,,,,,,,3.2272117912656304,,,-8587.0,,1257.861328125,,,
369991,,,,,,,,,,,,,,,3.2166886830607346,,,-8559.0,,1253.759765625,,,
370191,,,,,,,,,,,,,,,3.2260843153865344,,,-8584.0,,1257.421875,,,
370291,,,,,,,,,,,,,,,3.2399898512287177,,,-8621.0,,1262.841796875,,,
370491,,,,,,,,,,,,,,,3.2166886830607346,,,-8559.0,,1253.759765625,,,
370692,,,,,,,,,,,,,,,3.2223260624562142,,,-8574.0,,1255.95703125,,,
370792,,,,,,,,,,,,,,,3.240741501814782,,,-8623.0,,1263.134765625,,,
370992,,,,,,,,,,,,,,,3.2238293636283424,,,-8578.0,,1256.54296875,,,
371092,,,,,,,,,,,,,,,3.2061655748558398,,,-8531.0,,1249.658203125,,,
371293,,,,,,,,,,,,,,,3.2493854835545175,,,-8646.0,,1266.50390625,,,
371393,,,,,,,,,,,,,,,3.237734899470526,,,-8615.0,,1261.962890625,,,
371593,,,,,,,,,,,,,,,3.203534797804615,,,-8524.0,,1248.6328125,,,
371793,,,,,,,,,,,,,,,3.187750135497272,,,-8482.0,,1242.48046875,,,
371894,,,,,,,,,,,,,,,1.867475881075919,,,-4969.0,,727.880859375,,,
372093,,,,,,,,,,,,,,,2.1459624232126178,,,-5710.0,,836.42578125,,,
372194,,,,,,,,,,,,,,,2.364692743757231,,,-6292.0,,921.6796875,,,
372394,,,,,,,,,,,,,,,2.602965979539508,,,-6926.0,,1014.55078125,,,
372594,,,,,,,,,,,,,,,2.69053327281596,,,-7159.0,,1048.681640625,,,
372694,,,,,,,,,,,,,,,2.835977661219337,,,-7546.0,,1105.37109375,,,
372895,,,,,,,,,,,,,,,2.9276790327191407,,,-7790.0,,1141.11328125,,,
372994,,,,,,,,,,,,,,,2.9889385554833536,,,-7953.0,,1164.990234375,,,
373195,,,,,,,,,,,,,,,3.0524530300057586,,,-8122.0,,1189.74609375,,,
373395,,,,,,,,,,,,,,,3.088156432843797,,,-8217.0,,1203.662109375,,,
373495,,,,,,,,,,,,,,,3.122732359802739,,,-8309.0,,1217.138671875,,,
373696,,,,,,,,,,,,,,,3.1561808108825855,,,-8398.0,,1230.17578125,,,
373795,,,,,,,,,,,,,,,3.1798578043436008,,,-8461.0,,1239.404296875,,,
373995,,,,,,,,,,,,,,,3.1452818773846585,,,-8369.0,,1225.927734375,,,
374195,,,,,,,,,,,,,,,2.0283291064936075,,,-5397.0,,790.576171875,,,
374296,,,,,,,,,,,,,,,2.2947892392532827,,,-6106.0,,894.43359375,,,
374496,,,,,,,,,,,,,,,2.465038096996771,,,-6559.0,,960.791015625,,,
374596,,,,,,,,,,,,,,,2.6837684175413843,,,-7141.0,,1046.044921875,,,
374796,,,,,,,,,,,,,,,2.772463186696932,,,-7377.0,,1080.615234375,,,
374996,,,,,,,,,,,,,,,2.857023877629128,,,-7602.0,,1113.57421875,,,
375097,,,,,,,,,,,,,,,2.9475977732498357,,,-7843.0,,1148.876953125,,,
375297,,,,,,,,,,,,,,,3.0148705007025605,,,-8022.0,,1175.09765625,,,
375397,,,,,,,,,,,,,,,3.066358565847942,,,-8159.0,,1195.166015625,,,
375598,,,,,,,,,,,,,,,3.1046927457372044,,,-8261.0,,1210.107421875,,,
375798,,,,,,,,,,,,,,,3.136262070351891,,,-8345.0,,1222.412109375,,,
375897,,,,,,,,,,,,,,,3.1682072202596094,,,-8430.0,,1234.86328125,,,
376098,,,,,,,,,,,,,,,3.1757237261202484,,,-8450.0,,1237.79296875,,,
376198,,,,,,,,,,,,,,,3.2039106230976473,,,-8525.0,,1248.779296875,,,
376399,,,,,,,,,,,,,,,3.2257084900935022,,,-8583.0,,1257.275390625,,,
376598,,,,,,,,,,,,,,,3.214057906009511,,,-8552.0,,1252.734375,,,
376699,,,,,,,,,,,,,,,3.224956839507439,,,-8581.0,,1256.982421875,,,
376899,,,,,,,,,,,,,,,3.2463788812102616,,,-8638.0,,1265.33203125,,,
376999,,,,,,,,,,,,,,,3.2336008212471743,,0.30000000000000004,-8604.0,,1260.3515625,,,
377199,,,,,,,,,,,,,,,3.56282377794319,,,-9480.0,,1388.671875,,,
377400,,,,,,,,,,,,,,,3.9589436367988995,,,-10534.0,,1543.06640625,,,
377500,,,,,,,,,,,,,,,4.216008137232775,,,-11218.0,,1643.26171875,,,
377600,,,,,,,,,,,,,,,,,0.4,,,,,,
377700,,,,,,,,,,,,,,,4.6264093572237,,,-12310.0,,1803.22265625,,,
377800,,,,,,,,,,,,,,,5.170980206827042,,0.5,-13759.0,,2015.478515625,,,
378000,,,,,,,,,,,,,,,5.942549533421701,,0.6,-15812.0,,2316.2109375,,,
378101,,,,,,,,,,,,,,,,,0.7,,,,,,
378201,,,,,,,,,,,,,,,6.800182852120684,,,-18094.0,,2650.48828125,,,
378301,,,,,,,,,,,,,,,7.751020843491599,,0.7999999999999999,-20624.0,,3021.09375,,,
378501,,,,,,,,,,,,,,,8.704489611913736,,,-23161.0,,3392.724609375,,,
378601,,,,,,,,,,,,,,,9.568136135301232,,0.8999999999999999,-25459.0,,3729.345703125,,,
378802,,,,,,,,,,,,,,,10.523859855481563,,,-28002.0,,4101.85546875,,,
379002,,,,,,,,,,,,,,,11.30069073617867,,,-30069.0,,4404.638671875,,,
379102,,,,,,,,,,,,,,,12.053844623414761,,,-32073.0,,4698.193359375,,,
379303,,,,,,,,,,,,,,,12.672828881038438,,0.9999999999999999,-33720.0,,4939.453125,,,
379402,,,,,,,,,,,,,,,13.238070121758538,,,-35224.0,,5159.765625,,,
379603,,,,,,,,,,,,,,,13.929588660937386,,,-37064.0,,5429.296875,,,
379803,,,,,,,,,,,,,,,14.518882720411533,,,-38632.0,,5658.984375,,,
379903,,,,,,,,,,,,,,,15.048044733000562,,,-40040.0,,5865.234375,,,
380103,,,,,,,,,,,,,,,15.487008675261917,,,-41208.0,,6036.328125,,,
380204,,,,,,,,,,,,,,,15.947018833933065,,,-42432.0,,6215.625,,,
380404,,,,,,,,,,,,,,,16.286764898833976,,,-43336.0,,6348.046875,,,
380604,,,,,,,,,,,,,,,16.593438337948076,,,-44152.0,,6467.578125,,,
380704,,,,,,,,,,,,,,,16.948217414570262,,,-45096.0,,6605.859375,,,
380904,,,,,,,,,,,,,,,17.209791818520525,,,-45792.0,,6707.8125,,,
381005,,,,,,,,,,,,,,,17.468359620126527,,,-46480.0,,6808.59375,,,
381204,,,,,,,,,,,,,,,17.735947228765298,,,-47192.0,,6912.890625,,,
381404,,,,,,,,,,,,,,,17.934382983486184,,,-47720.0,,6990.234375,,,
381505,,,,,,,,,,,,,,,18.162884761649632,,,-48328.0,,7079.296875,,,
381705,,,,,,,,,,,,,,,18.34628750464924,,,-48816.0,,7150.78125,,,
381805,,,,,,,,,,,,,,,18.5326968499931,,,-49312.0,,7223.4375,,,
382005,,,,,,,,,,,,,,,18.62890812500929,,,-49568.0,,7260.9375,,,
382206,,,,,,,,,,,,,,,18.764205230500803,,,-49928.0,,7313.671875,,,
382306,,,,,,,,,,,,,,,18.959634382877432,,,-50448.0,,7389.84375,,,
382506,,,,,,,,,,,,,,,19.04983245320511,,,-50688.0,,7425.0,,,
382607,,,,,,,,,,,,,,,19.12800411415576,,,-50896.0,,7455.46875,,,
382807,,,,,,,,,,,,,,,19.194149365729388,,,-51072.0,,7481.25,,,
383007,,,,,,,,,,,,,,,19.31140685715537,,,-51384.0,,7526.953125,,,
383107,,,,,,,,,,,,,,,19.36251909700772,,,-51520.0,,7546.875,,,
383308,,,,,,,,,,,,,,,19.452717167335393,,,-51760.0,,7582.03125,,,
383408,,,,,,,,,,,,,,,18.430472370288403,,,-49040.0,,7183.59375,,,
383608,,,,,,,,,,,,,,,18.03360086084663,,,-47984.0,,7028.90625,,,
383808,,,,,,,,,,,,,,,18.262102639010074,,,-48592.0,,7117.96875,,,
383908,,,,,,,,,,,,,,,18.45452518904245,,,-49104.0,,7192.96875,,,
384109,,,,,,,,,,,,,,,18.02758765615812,,,-47968.0,,7026.5625,,,
384208,,,,,,,,,,,,,,,17.390187959175876,,,-46272.0,,6778.125,,,
384409,,,,,,,,,,,,,,,17.678821784224436,,,-47040.0,,6890.625,,,
384609,,,,,,,,,,,,,,,17.949415995207467,,,-47760.0,,6996.09375,,,
384709,,,,,,,,,,,,,,,18.217003603846237,,,-48472.0,,7100.390625,,,
384909,,,,,,,,,,,,,,,18.361320516370515,,,-48856.0,,7156.640625,,,
385010,,,,,,,,,,,,,,,18.514657235927565,,,-49264.0,,7216.40625,,,
385210,,,,,,,,,,,,,,,18.68603356955015,,,-49720.0,,7283.203125,,,
385409,,,,,,,,,,,,,,,18.8664297102055,,,-50200.0,,7353.515625,,,
385509,,,,,,,,,,,,,,,19.01375322507404,,,-50592.0,,7410.9375,,,
385710,,,,,,,,,,,,,,,19.152056932909808,,,-50960.0,,7464.84375,,,
385810,,,,,,,,,,,,,,,19.281340833712807,,,-51304.0,,7515.234375,,,
386011,,,,,,,,,,,,,,,19.38356531341751,,,-51576.0,,7555.078125,,,
386211,,,,,,,,,,,,,,,19.425657746237093,,,-51688.0,,7571.484375,,,
386311,,,,,,,,,,,,,,,19.566968056417117,,,-52064.0,,7626.5625,,,
386511,,,,,,,,,,,,,,,19.675205740810327,,,-52352.0,,7668.75,,,
386611,,,,,,,,,,,,,,,19.696251957220117,,,-52408.0,,7676.953125,,,
386811,,,,,,,,,,,,,,,19.780436822859283,,,-52632.0,,7709.765625,,,
387012,,,,,,,,,,,,,,,19.82553585802312,,,-52752.0,,7727.34375,,,
387112,,,,,,,,,,,,,,,19.828542460367377,,,-52760.0,,7728.515625,,,
387312,,,,,,,,,,,,,,,19.90370751897377,,,-52960.0,,7757.8125,,,
387412,,,,,,,,,,,,,,,19.966846168203144,,,-53128.0,,7782.421875,,,
387612,,,,,,,,,,,,,,,19.99991879398996,,,-53216.0,,7795.3125,,,
387713,,,,,,,,,,,,,,,20.035998022121028,,,-53312.0,,7809.375,,,
387913,,,,,,,,,,,,,,,20.090116864317636,,,-53456.0,,7830.46875,,,
388113,,,,,,,,,,,,,,,20.096130069006147,,,-53472.0,,7832.8125,,,
388213,,,,,,,,,,,,,,,20.13220929713722,,,-53568.0,,7846.875,,,
388413,,,,,,,,,,,,,,,20.198354548710846,,,-53744.0,,7872.65625,,,
388513,,,,,,,,,,,,,,,20.225413969809146,,,-53816.0,,7883.203125,,,
388714,,,,,,,,,,,,,,,20.321625244825338,,,-54072.0,,7920.703125,,,
388914,,,,,,,,,,,,,,,20.255479993251708,,,-53896.0,,7894.921875,,,
389014,,,,,,,,,,,,,,,20.234433776841918,,,-53840.0,,7886.71875,,,
389215,,,,,,,,,,,,,,,20.258486595595965,,,-53904.0,,7896.09375,,,
389314,,,,,,,,,,,,,,,20.222407367464893,,,-53808.0,,7882.03125,,,
389514,,,,,,,,,,,,,,,20.270513004972987,,,-53936.0,,7900.78125,,,
389715,,,,,,,,,,,,,,,20.375744087021943,,,-54216.0,,7941.796875,,,
389815,,,,,,,,,,,,,,,20.33365165420236,,,-54104.0,,7925.390625,,,
390015,,,,,,,,,,,,,,,20.306592233104055,,,-54032.0,,7914.84375,,,
390115,,,,,,,,,,,,,,,20.31861864248108,,,-54064.0,,7919.53125,,,
390316,,,,,,,,,,,,,,,20.33966485889087,,,-54120.0,,7927.734375,,,
390516,,,,,,,,,,,,,,,20.258486595595965,,,-53904.0,,7896.09375,,,
390616,,,,,,,,,,,,,,,20.26750640262873,,,-53928.0,,7899.609375,,,
390816,,,,,,,,,,,,,,,20.35469787061215,,,-54160.0,,7933.59375,,,
390916,,,,,,,,,,,,,,,20.336658256546617,,,-54112.0,,7926.5625,,,
391117,,,,,,,,,,,,,,,20.363717677644917,,,-54184.0,,7937.109375,,,
391317,,,,,,,,,,,,,,,20.306592233104055,,,-54032.0,,7914.84375,,,
391417,,,,,,,,,,,,,,,20.309598835448313,,,-54040.0,,7916.015625,,,
391617,,,,,,,,,,,,,,,20.32763844951385,,,-54088.0,,7923.046875,,,
391717,,,,,,,,,,,,,,,20.3035856307598,,,-54024.0,,7913.671875,,,
391918,,,,,,,,,,,,,,,19.103951295401714,,,-50832.0,,7446.09375,,,
392118,,,,,,,,,,,,,,,19.194149365729388,,,-51072.0,,7481.25,,,
392218,,,,,,,,,,,,,,,19.33245307356516,,,-51440.0,,7535.15625,,,
392418,,,,,,,,,,,,,,,19.449710564991136,,,-51752.0,,7580.859375,,,
392518,,,,,,,,,,,,,,,19.4316709509256,,,-51704.0,,7573.828125,,,
392719,,,,,,,,,,,,,,,18.340274299960726,,,-48800.0,,7148.4375,,,
392918,,,,,,,,,,,,,,,18.565769475779916,,,-49400.0,,7236.328125,,,
393019,,,,,,,,,,,,,,,18.734139207058245,,,-49848.0,,7301.953125,,,
393219,,,,,,,,,,,,,,,18.905515540680828,,,-50304.0,,7368.75,,,
393319,,,,,,,,,,,,,,,19.0708786696149,,,-50744.0,,7433.203125,,,
393519,,,,,,,,,,,,,,,19.218202184483435,,,-51136.0,,7490.625,,,
393720,,,,,,,,,,,,,,,19.30840025481111,,,-51376.0,,7525.78125,,,
393820,,,,,,,,,,,,,,,19.368532301696227,,,-51536.0,,7549.21875,,,
394020,,,,,,,,,,,,,,,19.49781620249923,,,-51880.0,,7599.609375,,,
394120,,,,,,,,,,,,,,,19.488796395466466,,,-51856.0,,7596.09375,,,
394320,,,,,,,,,,,,,,,19.621086898613722,,,-52208.0,,7647.65625,,,
394520,,,,,,,,,,,,,,,19.81050284630184,,,-52712.0,,7721.484375,,,
394620,,,,,,,,,,,,,,,19.8405688697444,,,-52792.0,,7733.203125,,,
394821,,,,,,,,,,,,,,,19.98488578226868,,,-53176.0,,7789.453125,,,
394921,,,,,,,,,,,,,,,20.0720772502521,,,-53408.0,,7823.4375,,,
395121,,,,,,,,,,,,,,,20.147242308858498,,,-53608.0,,7852.734375,,,
395321,,,,,,,,,,,,,,,20.213387560432125,,,-53784.0,,7878.515625,,,
395421,,,,,,,,,,,,,,,20.309598835448313,,,-54040.0,,7916.015625,,,
395622,,,,,,,,,,,,,,,20.33365165420236,,,-54104.0,,7925.390625,,,
395722,,,,,,,,,,,,,,,20.444895940939826,,,-54400.0,,7968.75,,,
395922,,,,,,,,,,,,,,,20.42685632687429,,,-54352.0,,7961.71875,,,
396123,,,,,,,,,,,,,,,20.438882736251315,,,-54384.0,,7966.40625,,,
396222,,,,,,,,,,,,,,,20.514047794857714,,,-54584.0,,7995.703125,,,
396423,,,,,,,,,,,,,,,20.55914683002155,,,-54704.0,,8013.28125,,,
396623,,,,,,,,,,,,,,,20.568166637054315,,,-54728.0,,8016.796875,,,
396723,,,,,,,,,,,,,,,20.619278876906666,,,-54864.0,,8036.71875,,,
396923,,,,,,,,,,,,,,,20.59221945580836,,,-54792.0,,8026.171875,,,
397024,,,,,,,,,,,,,,,20.688430730824553,,,-55048.0,,8063.671875,,,
397223,,,,,,,,,,,,,,,20.66738451441476,,,-54992.0,,8055.46875,,,
397424,,,,,,,,,,,,,,,20.68241752613604,,,-55032.0,,8061.328125,,,
397524,,,,,,,,,,,,,,,20.622285479250923,,,-54872.0,,8037.890625,,,
397724,,,,,,,,,,,,,,,20.74856277770967,,,-55208.0,,8087.109375,,,
397824,,,,,,,,,,,,,,,20.643331695660713,,,-54928.0,,8046.09375,,,
398025,,,,,,,,,,,,,,,20.787648608184995,,,-55312.0,,8102.34375,,,
398125,,,,,,,,,,,,,,,20.670391116759014,,,-55000.0,,8056.640625,,,
398325,,,,,,,,,,,,,,,20.730523163644133,,,-55160.0,,8080.078125,,,
398525,,,,,,,,,,,,,,,20.74856277770967,,,-55208.0,,8087.109375,,,
398926,,,,,,,,,,,,,,,20.712483549578597,,,-55112.0,,8073.046875,,,
399126,,,,,,,,,,,,,,,20.7395429706769,,,-55184.0,,8083.59375,,,
399326,,,,,,,,,,,,,,,20.697450537857318,,,-55072.0,,8067.1875,,,
399426,,,,,,,,,,,,,,,20.715490151922854,,,-55120.0,,8074.21875,,,
399626,,,,,,,,,,,,,,,20.658364707381992,,,-54968.0,,8051.953125,,,
399827,,,,,,,,,,,,,,,20.7395429706769,,,-55184.0,,8083.59375,,,
399927,,,,,,,,,,,,,,,20.715490151922854,,,-55120.0,,8074.21875,,,
400127,,,,,,,,,,,,,,,20.33365165420236,,,-54104.0,,7925.390625,,,
400227,,,,,,,,,,,,,,,19.59402747751542,,,-52136.0,,7637.109375,,,
400428,,,,,,,,,,,,,,,19.70226516190863,,,-52424.0,,7679.296875,,,
400527,,,,,,,,,,,,,,,19.855601881465677,,,-52832.0,,7739.0625,,,
400728,,,,,,,,,,,,,,,19.939786747104844,,,-53056.0,,7771.875,,,
400928,,,,,,,,,,,,,,,19.951813156481865,,,-53088.0,,7776.5625,,,
401028,,,,,,,,,,,,,,,18.174911171026654,,,-48360.0,,7083.984375,,,
401228,,,,,,,,,,,,,,,18.421452563255635,,,-49016.0,,7180.078125,,,
401329,,,,,,,,,,,,,,,18.625901522665032,,,,,7259.765625,,,
401429,,,,,,,,,,,,,,,,,,-49560.0,,,,,
401529,,,,,,,,,,,,,,,18.800284458631875,,,-50024.0,,7327.734375,,,
401729,,,,,,,,,,,,,,,19.067872067270642,,,-50736.0,,7432.03125,,,
401829,,,,,,,,,,,,,,,19.21519558213918,,,-51128.0,,7489.453125,,,
402029,,,,,,,,,,,,,,,19.335459675909416,,,-51448.0,,7536.328125,,,
402130,,,,,,,,,,,,,,,19.572981261105628,,,-52080.0,,7628.90625,,,
402329,,,,,,,,,,,,,,,19.575987863449885,,,-52088.0,,7630.078125,,,
402530,,,,,,,,,,,,,,,19.714291571285653,,,-52456.0,,7683.984375,,,
402630,,,,,,,,,,,,,,,19.798476436924815,,,-52680.0,,7716.796875,,,
402831,,,,,,,,,,,,,,,19.948806554137608,,,-53080.0,,7775.390625,,,
402931,,,,,,,,,,,,,,,19.972859372891655,,,-53144.0,,7784.765625,,,
403130,,,,,,,,,,,,,,,20.054037636186564,,,-53360.0,,7816.40625,,,
403330,,,,,,,,,,,,,,,20.16528192292403,,,-53656.0,,7859.765625,,,
403431,,,,,,,,,,,,,,,20.21038095808787,,,-53776.0,,7877.34375,,,
403632,,,,,,,,,,,,,,,20.207374355743614,,,-53768.0,,7876.171875,,,
403732,,,,,,,,,,,,,,,20.24646018621894,,,-53872.0,,7891.40625,,,
403932,,,,,,,,,,,,,,,20.351691268267892,,,-54152.0,,7932.421875,,,
404132,,,,,,,,,,,,,,,20.39077709874322,,,-54256.0,,7947.65625,,,
404433,,,,,,,,,,,,,,,20.456922350316848,,,-54432.0,,7973.4375,,,
404533,,,,,,,,,,,,,,,20.432869531562805,,,-54368.0,,7964.0625,,,
404733,,,,,,,,,,,,,,,20.47195536203813,,,-54472.0,,7979.296875,,,
404833,,,,,,,,,,,,,,,20.5080345901692,,,-54568.0,,7993.359375,,,
405034,,,,,,,,,,,,,,,20.571173239398572,,,-54736.0,,8017.96875,,,
405234,,,,,,,,,,,,,,,20.532087408923246,,,-54632.0,,8002.734375,,,
405333,,,,,,,,,,,,,,,20.465942157349616,,,-54456.0,,7976.953125,,,
405533,,,,,,,,,,,,,,,20.58019304643134,,,-54760.0,,8021.484375,,,
405634,,,,,,,,,,,,,,,20.568166637054315,,,-54728.0,,8016.796875,,,
405834,,,,,,,,,,,,,,,20.628298683939434,,,-54888.0,,8040.234375,,,
406034,,,,,,,,,,,,,,,20.619278876906666,,,-54864.0,,8036.71875,,,
406134,,,,,,,,,,,,,,,20.637318490972202,,,-54912.0,,8043.75,,,
406335,,,,,,,,,,,,,,,20.697450537857318,,,-55072.0,,8067.1875,,,
406435,,,,,,,,,,,,,,,19.915733928350797,,,-52992.0,,7762.5,,,
406635,,,,,,,,,,,,,,,19.506836009531998,,,-51904.0,,7603.125,,,
406835,,,,,,,,,,,,,,,19.684225547843095,,,-52376.0,,7672.265625,,,
406935,,,,,,,,,,,,,,,19.77442361817077,,,-52616.0,,7707.421875,,,
407136,,,,,,,,,,,,,,,19.888674507252492,,,-52920.0,,7751.953125,,,
407235,,,,,,,,,,,,,,,19.9698527705474,,,-53136.0,,7783.59375,,,
407436,,,,,,,,,,,,,,,20.035998022121028,,,-53312.0,,7809.375,,,
407636,,,,,,,,,,,,,,,20.129202694792962,,,-53560.0,,7845.703125,,,
407736,,,,,,,,,,,,,,,20.147242308858498,,,-53608.0,,7852.734375,,,
407937,,,,,,,,,,,,,,,20.21038095808787,,,-53776.0,,7877.34375,,,
408036,,,,,,,,,,,,,,,20.234433776841918,,,-53840.0,,7886.71875,,,
408237,,,,,,,,,,,,,,,20.330645051858102,,,-54096.0,,7924.21875,,,
408437,,,,,,,,,,,,,,,20.39979690577599,,,-54280.0,,7951.171875,,,
408537,,,,,,,,,,,,,,,20.35469787061215,,,-54160.0,,7933.59375,,,
408738,,,,,,,,,,,,,,,20.444895940939826,,,-54400.0,,7968.75,,,
408838,,,,,,,,,,,,,,,20.408816712808758,,,-54304.0,,7954.6875,,,
409038,,,,,,,,,,,,,,,20.547120420644525,,,-54672.0,,8008.59375,,,
409238,,,,,,,,,,,,,,,20.505027987824942,,,-54560.0,,7992.1875,,,
409338,,,,,,,,,,,,,,,20.5080345901692,,,-54568.0,,7993.359375,,,
409539,,,,,,,,,,,,,,,20.55914683002155,,,-54704.0,,8013.28125,,,
409639,,,,,,,,,,,,,,,20.553133625333036,,,-54688.0,,8010.9375,,,
409839,,,,,,,,,,,,,,,20.502021385480685,,,-54552.0,,7991.015625,,,
410039,,,,,,,,,,,,,,,20.622285479250923,,,-54872.0,,8037.890625,,,
410139,,,,,,,,,,,,,,,20.64032509331646,,,-54920.0,,8044.921875,,,
410340,,,,,,,,,,,,,,,20.703463742545832,,,-55088.0,,8069.53125,,,
410440,,,,,,,,,,,,,,,20.64633829800497,,,-54936.0,,8047.265625,,,
410640,,,,,,,,,,,,,,,20.700457140201575,,,-55080.0,,8068.359375,,,
410940,,,,,,,,,,,,,,,20.730523163644133,,,-55160.0,,8080.078125,,,
411141,,,,,,,,,,,,,,,20.685424128480296,,,-55040.0,,8062.5,,,
411240,,,,,,,,,,,,,,,20.784642005840738,,,-55304.0,,8101.171875,,,
411441,,,,,,,,,,,,,,,20.703463742545832,,,-55088.0,,8069.53125,,,
411741,,,,,,,,,,,,,,,20.712483549578597,,,-55112.0,,8073.046875,,,
411942,,,,,,,,,,,,,,,20.730523163644133,,,-55160.0,,8080.078125,,,
412042,,,,,,,,,,,,,,,20.796668415217763,,,-55336.0,,8105.859375,,,
412242,,,,,,,,,,,,,,,20.787648608184995,,,-55312.0,,8102.34375,,,
412442,,,,,,,,,,,,,,,20.844774052725853,,,-55464.0,,8124.609375,,,
412542,,,,,,,,,,,,,,,20.81170142693904,,,-55376.0,,8111.71875,,,
412742,,,,,,,,,,,,,,,20.86281366679139,,,-55512.0,,8131.640625,,,
412842,,,,,,,,,,,,,,,20.84778065507011,,,-55472.0,,8125.78125,,,
413042,,,,,,,,,,,,,,,20.796668415217763,,,-55336.0,,8105.859375,,,
413243,,,,,,,,,,,,,,,20.90189949726672,,,-55616.0,,8146.875,,,
413343,,,,,,,,,,,,,,,20.83274764334883,,,-55432.0,,8119.921875,,,
413543,,,,,,,,,,,,,,,20.817714631627553,,,-55392.0,,8114.0625,,,
413643,,,,,,,,,,,,,,,20.82673443866032,,,-55416.0,,8117.578125,,,
413843,,,,,,,,,,,,,,,20.871833473824157,,,-55536.0,,8135.15625,,,
414044,,,,,,,,,,,,,,,20.850787257414368,,,-55480.0,,8126.953125,,,
414144,,,,,,,,,,,,,,,20.83575424569309,,,-55440.0,,8121.09375,,,
414344,,,,,,,,,,,,,,,20.850787257414368,,,-55480.0,,8126.953125,,,
414444,,,,,,,,,,,,,,,20.85680046210288,,,-55496.0,,8129.296875,,,
414645,,,,,,,,,,,,,,,20.81170142693904,,,-55376.0,,8111.71875,,,
414845,,,,,,,,,,,,,,,20.838760848037346,,,-55448.0,,8122.265625,,,
415145,,,,,,,,,,,,,,,20.83274764334883,,,-55432.0,,8119.921875,,,
415246,,,,,,,,,,,,,,,20.871833473824157,,,-55536.0,,8135.15625,,,
415445,,,,,,,,,,,,,,,20.808694824594784,,,-55368.0,,8110.546875,,,
415646,,,,,,,,,,,,,,,20.892879690233947,,,-55592.0,,8143.359375,,,
415746,,,,,,,,,,,,,,,20.838760848037346,,,-55448.0,,8122.265625,,,
415946,,,,,,,,,,,,,,,19.500822804843487,,,-51888.0,,7600.78125,,,
416047,,,,,,,,,,,,,,,19.660172729089048,,,-52312.0,,7662.890625,,,
416247,,,,,,,,,,,,,,,19.80448964161333,,,-52696.0,,7719.140625,,,
416447,,,,,,,,,,,,,,,19.888674507252492,,,-52920.0,,7751.953125,,,
416547,,,,,,,,,,,,,,,19.97887257758017,,,-53160.0,,7787.109375,,,
416748,,,,,,,,,,,,,,,18.857409903172734,,,-50176.0,,7350.0,,,
416848,,,,,,,,,,,,,,,19.016759827418294,,,-50600.0,,7412.109375,,,
417047,,,,,,,,,,,,,,,19.218202184483435,,,-51136.0,,7490.625,,,
417248,,,,,,,,,,,,,,,19.34447948294218,,,-51472.0,,7539.84375,,,
417348,,,,,,,,,,,,,,,19.494809600154973,,,-51872.0,,7598.4375,,,
417548,,,,,,,,,,,,,,,19.70827836659714,,,-52440.0,,7681.640625,,,
417648,,,,,,,,,,,,,,,19.834555665055888,,,-52776.0,,7730.859375,,,
417849,,,,,,,,,,,,,,,19.89769431428526,,,-52944.0,,7755.46875,,,
418049,,,,,,,,,,,,,,,20.023971612744006,,,-53280.0,,7804.6875,,,
418149,,,,,,,,,,,,,,,20.135215899481473,,,-53576.0,,7848.046875,,,
418349,,,,,,,,,,,,,,,20.234433776841918,,,-53840.0,,7886.71875,,,
418449,,,,,,,,,,,,,,,20.336658256546617,,,-54112.0,,7926.5625,,,
418650,,,,,,,,,,,,,,,20.49300157844792,,,-54528.0,,7987.5,,,
418850,,,,,,,,,,,,,,,20.532087408923246,,,-54632.0,,8002.734375,,,
418950,,,,,,,,,,,,,,,20.685424128480296,,,-55040.0,,8062.5,,,
419150,,,,,,,,,,,,,,,20.74555617536541,,,-55200.0,,8085.9375,,,
419250,,,,,,,,,,,,,,,20.709476947234343,,,-55104.0,,8071.875,,,
419450,,,,,,,,,,,,,,,20.83274764334883,,,-55432.0,,8119.921875,,,
419651,,,,,,,,,,,,,,,20.82673443866032,,,-55416.0,,8117.578125,,,
419752,,,,,,,,,,,,,,,20.874840076168415,,,-55544.0,,8136.328125,,,
419951,,,,,,,,,,,,,,,20.998110772282903,,,-55872.0,,8184.375,,,
420052,,,,,,,,,,,,,,,20.925952316020762,,,-55680.0,,8156.25,,,
420252,,,,,,,,,,,,,,,21.00111737462716,,,-55880.0,,8185.546875,,,
420452,,,,,,,,,,,,,,,21.00713057931567,,,-55896.0,,8187.890625,,,
420552,,,,,,,,,,,,,,,21.094322047299094,,,-56128.0,,8221.875,,,
420752,,,,,,,,,,,,,,,21.028176795725464,,,-55952.0,,8196.09375,,,
420852,,,,,,,,,,,,,,,21.0732758308893,,,-56072.0,,8213.671875,,,
421053,,,,,,,,,,,,,,,21.079289035577812,,,-56088.0,,8216.015625,,,
421253,,,,,,,,,,,,,,,21.148440889495696,,,-56272.0,,8242.96875,,,
421353,,,,,,,,,,,,,,,21.229619152790605,,,-56488.0,,8274.609375,,,
421553,,,,,,,,,,,,,,,21.202559731692304,,,-56416.0,,8264.0625,,,
421653,,,,,,,,,,,,,,,21.18752671997102,,,-56376.0,,8258.203125,,,
421854,,,,,,,,,,,,,,,21.157460696528464,,,-56296.0,,8246.484375,,,
421954,,,,,,,,,,,,,,,21.127394673085906,,,-56216.0,,8234.765625,,,
422154,,,,,,,,,,,,,,,21.163473901216975,,,-56312.0,,8248.828125,,,
422354,,,,,,,,,,,,,,,21.18151351528251,,,-56360.0,,8255.859375,,,
422454,,,,,,,,,,,,,,,21.16046729887272,,,-56304.0,,8247.65625,,,
422655,,,,,,,,,,,,,,,21.1003352519876,,,-56144.0,,8224.21875,,,
422755,,,,,,,,,,,,,,,21.142427684807185,,,-56256.0,,8240.625,,,
422956,,,,,,,,,,,,,,,21.127394673085906,,,-56216.0,,8234.765625,,,
423155,,,,,,,,,,,,,,,21.133407877774417,,,-56232.0,,8237.109375,,,
423256,,,,,,,,,,,,,,,21.112361661364627,,,-56176.0,,8228.90625,,,
423456,,,,,,,,,,,,,,,21.040203205102486,,,-55984.0,,8200.78125,,,
423556,,,,,,,,,,,,,,,21.049223012135254,,,-56008.0,,8204.296875,,,
423756,,,,,,,,,,,,,,,21.03719660275823,,,-55976.0,,8199.609375,,,
423956,,,,,,,,,,,,,,,20.962031544151834,,,-55776.0,,8170.3125,,,
424056,,,,,,,,,,,,,,,21.03719660275823,,,-55976.0,,8199.609375,,,
424257,,,,,,,,,,,,,,,21.043209807446743,,,-55992.0,,8201.953125,,,
424357,,,,,,,,,,,,,,,20.977064555873113,,,-55816.0,,8176.171875,,,
424557,,,,,,,,,,,,,,,19.31742006184388,,,-51400.0,,7529.296875,,,
424757,,,,,,,,,,,,,,,19.368532301696227,,,-51536.0,,7549.21875,,,
424857,,,,,,,,,,,,,,,19.515855816564766,,,-51928.0,,7606.640625,,,
425058,,,,,,,,,,,,,,,19.63912651267926,,,-52256.0,,7654.6875,,,
425158,,,,,,,,,,,,,,,19.536902032974556,,,-51984.0,,7614.84375,,,
425358,,,,,,,,,,,,,,,18.67400716017313,,,-49688.0,,7278.515625,,,
425558,,,,,,,,,,,,,,,18.944601371156153,,,-50408.0,,7383.984375,,,
425658,,,,,,,,,,,,,,,19.043819248516595,,,-50672.0,,7422.65625,,,
425859,,,,,,,,,,,,,,,19.164083342286833,,,-50992.0,,7469.53125,,,
425959,,,,,,,,,,,,,,,19.377552108729,,,-51560.0,,7552.734375,,,
426158,,,,,,,,,,,,,,,19.521869021253277,,,-51944.0,,7608.984375,,,
426359,,,,,,,,,,,,,,,19.657166126744794,,,-52304.0,,7661.71875,,,
426459,,,,,,,,,,,,,,,19.68723215018735,,,-52384.0,,7673.4375,,,
426660,,,,,,,,,,,,,,,19.88266130256398,,,-52904.0,,7749.609375,,,
426760,,,,,,,,,,,,,,,19.939786747104844,,,-53056.0,,7771.875,,,
426960,,,,,,,,,,,,,,,20.081097057284868,,,-53432.0,,7826.953125,,,
427160,,,,,,,,,,,,,,,20.138222501825727,,,-53584.0,,7849.21875,,,
427260,,,,,,,,,,,,,,,20.183321536989567,,,-53704.0,,7866.796875,,,
427460,,,,,,,,,,,,,,,20.225413969809146,,,-53816.0,,7883.203125,,,
427560,,,,,,,,,,,,,,,20.279532812005755,,,-53960.0,,7904.296875,,,
427761,,,,,,,,,,,,,,,20.393783701087475,,,-54264.0,,7948.828125,,,
427960,,,,,,,,,,,,,,,20.360711075300664,,,-54176.0,,7935.9375,,,
428061,,,,,,,,,,,,,,,20.459928952661105,,,-54440.0,,7974.609375,,,
428261,,,,,,,,,,,,,,,20.41182331515301,,,-54312.0,,7955.859375,,,
428362,,,,,,,,,,,,,,,20.417836519841522,,,-54328.0,,7958.203125,,,
428561,,,,,,,,,,,,,,,20.58019304643134,,,-54760.0,,8021.484375,,,
428761,,,,,,,,,,,,,,,20.517054397201967,,,-54592.0,,7996.875,,,
428861,,,,,,,,,,,,,,,20.601239262841133,,,-54816.0,,8029.6875,,,
429062,,,,,,,,,,,,,,,20.59221945580836,,,-54792.0,,8026.171875,,,
429162,,,,,,,,,,,,,,,20.66738451441476,,,-54992.0,,8055.46875,,,
429362,,,,,,,,,,,,,,,20.634311888627945,,,-54904.0,,8042.578125,,,
429563,,,,,,,,,,,,,,,20.700457140201575,,,-55080.0,,8068.359375,,,
429663,,,,,,,,,,,,,,,20.676404321447528,,,-55016.0,,8058.984375,,,
429863,,,,,,,,,,,,,,0.0,14.978892879082679,13.0,,-39856.0,-14.0,5838.28125,-14.0,,
429963,,,,,,,,,,,,,,,-0.004885728809415767,14.0,,13.0,,-1.904296875,,,
430163,,,,,,,,,,,,,,,-0.0011274758790959462,,,3.0,,-0.439453125,,,
430463,,,,,,,,,,,,,,,-7.516505860639642E-4,,,2.0,,-0.29296875,,,
430864,,,,,,,,,,,,,,,-3.758252930319821E-4,,,1.0,,-0.146484375,,,
431164,,,,,,,,,,,,,,,-7.516505860639642E-4,,,2.0,,-0.29296875,,,
431264,,,,,,,,,,,,,,,-3.758252930319821E-4,,,1.0,,-0.146484375,,,
432065,,,,,,,,,,,,,,,-0.0,,,0.0,,-0.0,,,
432266,,,,,,,,,,,,,,,-3.758252930319821E-4,,,1.0,,-0.146484375,,,
432366,,,,,,,,,,,,,,,-0.0,,,0.0,,-0.0,,,
432566,,,,,,,,,,,,,,,-3.758252930319821E-4,,,1.0,,-0.146484375,,,
432767,,,,,,,,,,,,,,,-0.0,,,0.0,,-0.0,,,
433668,,,,,,,,,,,,,,,-3.758252930319821E-4,,,1.0,,-0.146484375,,,
434069,,,,,,,,,,,,,,,-0.0,,,0.0,,-0.0,,,
434269,,,,,32.0,,,,,,,[],[],,,,,,,,,,
435270,,,,,,,,,,,,,,,-3.758252930319821E-4,,,1.0,,-0.146484375,,,
435670,,,,,,,,,,,,,,,-0.0,,,0.0,,-0.0,,,
436371,,,,,,,,,,,,,,,-3.758252930319821E-4,,,1.0,,-0.146484375,,,
436571,,,,,,,,,,,,,,,-0.0,,,0.0,,-0.0,,,
437573,,,,,,,,,,,,,,,-3.758252930319821E-4,,,1.0,,-0.146484375,,,
437673,,,,,,,,,,,,,,,-0.0,,,0.0,,-0.0,,,
438774,,,,,,,,,,,,,,,-3.758252930319821E-4,,,1.0,,-0.146484375,,,
438974,,,,,,,,,,,,,,,-0.0,,,0.0,,-0.0,,,
439575,,,,,,,,,,,,,,,-3.758252930319821E-4,,,1.0,,-0.146484375,,,
439775,,,,,,,,,,,,,,,-0.0,,,0.0,,-0.0,,,
440576,,,,,,,,,,,,,,,-3.758252930319821E-4,,,1.0,,-0.146484375,,,
440676,,,,,,,,,,,,,,,-0.0,,,0.0,,-0.0,,,
442978,,,,,,,,,,,,,,,-3.758252930319821E-4,,,1.0,,-0.146484375,,,
443078,,,,,,,,,,,,,,,-0.0,,,0.0,,-0.0,,,
445982,,,,,,,,,,,,,,,-3.758252930319821E-4,,,1.0,,-0.146484375,,,
446182,,,,,,,,,,,,,,,-0.0,,,0.0,,-0.0,,,
449886,,,,,,,,,,,,,,,-3.758252930319821E-4,,,1.0,,-0.146484375,,,
449986,,,,,,,,,,,,,,,-0.0,,,0.0,,-0.0,,,
461198,,,,,,,,,,,,,,,-3.758252930319821E-4,,,1.0,,-0.146484375,,,
461398,,,,,,,,,,,,,,,-0.0,,,0.0,,-0.0,,,
1097948,,,,,32.0,,true,0.0,0.0,0.0,1.0,[],[],0.0,-0.0,14.0,0.9999999999999999,0.0,-14.0,-0.0,-14.0,false,0.0
1098668,,,,,,,,,,,,[],[],0.0,-0.0,0.0,0.0,0.0,0.0,-0.0,0.0,,0.0
1099569,,,,,33.0,,,,,,,"[970059.0, 2.4969224E7]","[RotateTurret, Shoot]",,,,0.0078125,,,,,false,
1104073,,,,,,,,,,,,,,1890.0,,,,,,,1890.0,true,12.55
1104174,,,,,,,,,,,,,,,,,,,,,,,10.5
1104374,,,,,,,,,,,,,,,,,,,,,,,12.1
1104474,,,,,,,,,,,,,,,,,,,,,,,12.200000000000001
1104575,,,,,,,,,,,,,,2106.4017740224754,,,,,,,2106.4017740224754,,
1104674,,,,,,,,,,,,,,3780.0,,,,,,,3780.0,,12.25
1104775,,,,,,,,,,,,,,0.0,,,,,,,0.0,,0.0
1104875,,,,,,,,,,,,,,,,,,,,,,false,
1108378,,,,,,,,,,,,,,,,,,,,,,true,
1109780,,,,,,,,,,,,,,-96.05234645791809,,,,,,,-96.05234645791809,,
1109880,,,,,,,,,,,,,,-718.2725933916887,,,,,,,-718.2725933916887,,-12.5
1109980,,,,,,,,,,,,,,-792.113929236132,,,,,,,-792.113929236132,,-10.850000000000001
1110081,,,,,,,,,,,,,,-398.37856397821747,,,,,,,-398.37856397821747,,-12.15
1110180,,,,,,,,,,,,,,0.0,,,,,,,0.0,,0.0
1110280,,,,,,,,,,,,,,160.10803760064434,,,,,,,160.10803760064434,,2.8599706744868034
1110381,,,,,,,,,,,,,,323.5617628076665,,,,,,,323.5617628076665,,9.03240469208211
1110481,,,,,,,,,,,,,,722.6662288723625,,,,,,,722.6662288723625,,11.45
1110580,,,,,,,,,,,,,,340.9063987037866,,,,,,,340.9063987037866,,11.9
1110681,,,,,,,,,,,,,,0.0,,,,,,,0.0,,0.0
1110981,,,,,,,,,,,,,,,,,,,,,,false,
1112383,,,,,,,,,,,,,,,,,,,,,,true,
1113284,,,,,,,,,,,,,,141.4562393950267,,,,,,,141.4562393950267,,2.5800586510263934
1113384,,,,,,,,,,,,,,224.728364384038,,,,,,,224.728364384038,,6.53533724340176
1113484,,,,,,,,,,,,,,,,,,,,,,,6.596285434995112
1113585,,,,,,,,,,,,,,233.86249289028575,,,,,,,233.86249289028575,,7.026099706744868
1113785,,,,,,,,,,,,,,160.10803760064434,,,,,,,160.10803760064434,,
1113884,,,,,,,,,,,,,,141.4562393950267,,,,,,,141.4562393950267,,4.5821114369501466
1113985,,,,,,,,,,,,,,47.346074108439836,,,,,,,47.346074108439836,,2.0161290322580645
1114085,,,,,,,,,,,,,,18.94664432156319,,,,,,,18.94664432156319,,0.9897360703812317
1114285,,,,,,,,,,,,,,,,,,,,,,,0.9857771260997068
1114586,,,,,,,,,,,,,,94.54597898209727,,,,,,,94.54597898209727,,2.8599706744868034
1114686,,,,,,,,,,,,,,,,,,,,,,,2.8484848484848486
1114787,,,,,,,,,,,,,,113.35272388631061,,,,,,,113.35272388631061,,3.418181818181818
1114887,,,,,,,,,,,,,,122.73588740689544,,,,,,,122.73588740689544,,3.6969696969696972
1114987,,,,,,,,,,,,,,141.4562393950267,,,,,,,141.4562393950267,,4.0
1115087,,,,,,,,,,,,,,215.5679532184785,,,,,,,215.5679532184785,,5.115151515151515
1115187,,,,,,,,,,,,,,323.5617628076665,,,,,,,323.5617628076665,,8.789442815249268
1115287,,,,,,,,,,,,,,358.49144995590575,,,,,,,358.49144995590575,,10.32355816226784
1115387,,,,,,,,,,,,,,,,,,,,,,,10.54227761485826
1115487,,,,,,,,,,,,,,,,,,,,,,,10.717253176930596
1115588,,,,,,,,,,,,,,288.06427588324635,,,,,,,288.06427588324635,,
1115687,,,,,,,,,,,,,,215.5679532184785,,,,,,,215.5679532184785,,8.06236559139785
1115787,,,,,,,,,,,,,,37.88389729917715,,,,,,,37.88389729917715,,2.3123655913978496
1115887,,,,,,,,,,,,,,0.0,,,,,,,0.0,,0.0
1116388,,,,,,,,,,,,,,-9.399897588071616,,,,,,,-9.399897588071616,,
1116488,,,,,,,,,,,,,,-46.97656033219173,,,,,,,-46.97656033219173,,-1.1196480938416424
1116588,,,,,,,,,,,,,,-121.78357021106673,,,,,,,-121.78357021106673,,-3.1277126099706747
1116689,,,,,,,,,,,,,,-186.49384216092514,,,,,,,-186.49384216092514,,-5.314369501466276
1116789,,,,,,,,,,,,,,-195.6588074516507,,,,,,,-195.6588074516507,,-5.831622678396872
1116989,,,,,,,,,,,,,,,,,,,,,,,-5.879227761485826
1117089,,,,,,,,,,,,,,-294.76111282645604,,,,,,,-294.76111282645604,,-7.957478005865102
1117189,,,,,,,,,,,,,,-398.37856397821747,,,,,,,-398.37856397821747,,-11.544281524926687
1117289,,,,,,,,,,,,,,-415.1105422126247,,,,,,,-415.1105422126247,,-11.7
1117389,,,,,,,,,,,,,,-423.4146838065068,,,,,,,-423.4146838065068,,
1117490,,,,,,,,,,,,,,,,,,,,,,,-12.1
1117590,,,,,,,,,,,,,,,,,,,,,,,-12.15
1117991,,,,,,,,,,,,,,-355.85179092496185,,,,,,,-355.85179092496185,,-10.53475073313783
1118091,,,,,,,,,,,,,,-338.57457433206116,,,,,,,-338.57457433206116,,-10.242424242424244
1118291,,,,,,,,,,,,,,,,,,,,,,,-10.118523949169111
1118390,,,,,,,,,,,,,,,,,,,,,,,-10.0772238514174
1118591,,,,,,,,,,,,,,-329.88139440933065,,,,,,,-329.88139440933065,,-9.802932551319648
1118691,,,,,,,,,,,,,,-321.15274140570125,,,,,,,-321.15274140570125,,-9.843108504398826
1118791,,,,,,,,,,,,,,-223.01276079925782,,,,,,,-223.01276079925782,,-6.669843597262951
1118892,,,,,,,,,,,,,,-204.80092377472945,,,,,,,-204.80092377472945,,-6.256598240469208
1118992,,,,,,,,,,,,,,-195.6588074516507,,,,,,,-195.6588074516507,,-5.974437927663735
1119092,,,,,,,,,,,,,,-186.49384216092514,,,,,,,-186.49384216092514,,-5.636363636363637
1119192,,,,,,,,,,,,,,-149.62534332693775,,,,,,,-149.62534332693775,,-4.50909090909091
1119292,,,,,,,,,,,,,,0.0,,,,,,,0.0,false,0.0
1120894,,,,,32.0,,,,,,,,,,,,,,,,,,
1120994,,,,,,,,,,,,[],[],,,,,,,,,,
1137312,,,,,,,,,,,,,,,-0.0015033011721279283,,,4.0,,-0.5859375,,,
1137412,,,,,,,,,,,,,,,-3.758252930319821E-4,,,1.0,,-0.146484375,,,
1137612,,,,,,,,,,,,,,,0.0011274758790959462,,,-3.0,,0.439453125,,,
1137812,,,,,,,,,,,,,,,-0.0,,,0.0,,-0.0,,,
1138913,,,,,,,,,,,,,,,-7.516505860639642E-4,,,2.0,,-0.29296875,,,
1139214,,,,,,,,,,,,,,,-0.0,,,0.0,,-0.0,,,
1139714,,,,,,,,,,,,,,,7.516505860639642E-4,,,-2.0,,0.29296875,,,
1139815,,,,,,,,,,,,,,,-0.0,,,0.0,,-0.0,,,
1140014,,,,,,,,,,,,,,,3.758252930319821E-4,,,-1.0,,0.146484375,,,
1140215,,,,,,,,,,,,,,,-7.516505860639642E-4,,,2.0,,-0.29296875,,,
1140315,,,,,,,,,,,,,,,-0.0011274758790959462,,,3.0,,-0.439453125,,,
1140515,,,,,,,,,,,,,,,0.0011274758790959462,,,-3.0,,0.439453125,,,
1140715,,,,,,,,,,,,,,,0.0022549517581918923,,,-6.0,,0.87890625,,,
1140816,,,,,,,,,,,,,,,-0.0,,,0.0,,-0.0,,,
1141116,,,,,,,,,,,,,,,3.758252930319821E-4,,,-1.0,,0.146484375,,,
1141316,,,,,,,,,,,,,,,-0.0,,,0.0,,-0.0,,,
1141416,,,,,,,,,,,,,,,-3.758252930319821E-4,,,1.0,,-0.146484375,,,
1141616,,,,,,,,,,,,,,,-0.0,,,0.0,,-0.0,,,
1141817,,,,,,,,,,,,,,,-3.758252930319821E-4,,,1.0,,-0.146484375,,,
1141917,,,,,,,,,,,,,,,-0.0,,,0.0,,-0.0,,,
1142117,,,,,,,,,,,,,,,0.0018791264651599106,,,-5.0,,0.732421875,,,
1142217,,,,,,,,,,,,,,,0.0022549517581918923,,,-6.0,,0.87890625,,,
1142417,,,,,,,,,,,,,,,-0.0030066023442558566,,,8.0,,-1.171875,,,
1142617,,,,,,,,,,,,,,,-3.758252930319821E-4,,,1.0,,-0.146484375,,,
1142717,,,,,,,,,,,,,,,-0.0,,,0.0,,-0.0,,,
1411056,,,,,32.0,,true,0.0,0.0,0.0,1.0,[],[],0.0,-0.0,0.0,0.0078125,0.0,0.0,-0.0,0.0,false,0.0
1411780,,,,,,,,,,,,,,0.0,-0.0,0.0,0.0,0.0,0.0,-0.0,0.0,,0.0
1411880,,,,,,,,,,,,[],[],,,,,,,,,,
1418788,,,,,33.0,,,,,,,"[970059.0, 2.4969224E7]","[RotateTurret, Shoot]",,,,0.0078125,,,,,false,
1423092,,,,,,,,,,,,,,,,,0.1640625,,,,,,
1423192,,,,,,,,,,,,,,,,,0.1953125,,,,,,
1423293,,,,,,,,,,,,,,,,,0.234375,,,,,,
1423393,,,,,,,,,,,,,,,,,0.2421875,,,,,,
1423793,,,,,,,,,,,,,,,,,0.0859375,,,,,,
1423894,,,,,,,,,,,,,,,,,0.0078125,,,,,,
1424494,,,,,,,,,,,,,,,,,0.234375,,,,,,
1424595,,,,,,,,,,,,,,,,,0.484375,,,,,,
1424695,,,,,,,,,,,,,,,,,0.578125,,,,,,
1424794,,,,,,,,,,,,,,,,,0.6015625,,,,,,
1425295,,,,,,,,,,,,,,,,,0.8984375,,,,,,
1425396,,,,,,,,,,,,,,,,,1.0,,,,,,
1425595,,,,,,,,,,,,,,,,,0.734375,,,,,,
1425696,,,,,,,,,,,,,,,,,0.2265625,,,,,,
1425795,,,,,,,,,,,,,,,,,0.0078125,,,,,,
1426296,,,,,,,,,,,,,,,,,-0.0,,,,,,
1426397,,,,,,,,,,,,,,,,,-0.33070865273475647,,,,,,
1426496,,,,,,,,,,,,,,,,,-0.6456692814826965,,,,,,
1426596,,,,,,,,,,,,,,,,,-0.9763779640197754,,,,,,
1426697,,,,,,,,,,,,,,,,,-0.9842519760131836,,,,,,
1426897,,,,,,,,,,,,,,,,,-0.7165354490280151,,,,,,
1426997,,,,,,,,,,,,,,,,,-0.5590550899505615,,,,,,
1427097,,,,,,,,,,,,,,,,,-0.5275590419769287,,,,,,
1427197,,,,,,,,,,,,,,,,,-0.4330708682537079,,,,,,
1427398,,,,,,,,,,,,,,,,,-0.5039370059967041,,,,,,
1427498,,,,,,,,,,,,,,,,,-0.5511810779571533,,,,,,
1427598,,,,,,,,,,,,,,,,,-1.0,,,,,,
1427899,,,,,,,,,,,,,,,,,-0.8661417365074158,,,,,,
1427999,,,,,,,,,,,,,,,,,-0.6456692814826965,,,,,,
1428099,,,,,,,,,,,,,,,,,-0.6377952694892883,,,,,,
1428199,,,,,,,,,,,,,,,,,-0.4566929042339325,,,,,,
1428299,,,,,,,,,,,,,,,,,-0.34645670652389526,,,,,,
1428399,,,,,,,,,,,,,,,,,-0.4803149700164795,,,,,,
1428499,,,,,,,,,,,,,,,,,-0.6299212574958801,,,,,,
1428700,,,,,,,,,,,,,,,,,-0.5590550899505615,,,,,,
1428800,,,,,,,,,,,,,,,,,-0.4881889820098877,,,,,,
1428900,,,,,,,,,,,,,,,,,-0.7165354490280151,,,,,,
1428999,,,,,,,,,,,,,,,,,-0.32283464074134827,,,,,,
1429100,,,,,,,,,,,,,,,,,0.0078125,,,,,,
1429600,,,,,,,,,,,,,,,,,-0.7952755689620972,,,,,,
1429700,,,,,,,,,,,,,,,,,-1.0,,,,,,
1430001,,,,,,,,,,,,,,,,,-0.7795275449752808,,,,,,
1430101,,,,,,,,,,,,,,,,,-0.6771653294563293,,,,,,
1430401,,,,,,,,,,,,,,,,,-1.0,,,,,,
1431201,,,,,,,,,,,,,,,,,-0.7716535329818726,,,,,,
1431302,,,,,,,,,,,,,,,,,0.0078125,,,,,,
1431402,,,,,,,,,,,,,,,,,0.4296875,,,,,,
1431502,,,,,,,,,,,,,,,,,1.0,,,,,,
1432203,,,,,,,,,,,,,,,,,0.0078125,,,,,,
1434105,,,,,32.0,,,,,,,[],[],,,,,,,,,,
